txid,timestamp,input_wallet,output_wallet,amount,fee,fee_ratio,script_type,pattern_label,network_observation_count,unique_src_ips,unique_dst_ips,unique_ips,avg_observation_delay_ms,min_observation_delay_ms,max_observation_delay_ms
TX_000001,2026-03-01 00:09:33,wallet_082,wallet_015,0.05876222,6.308e-05,0.00107348,P2PKH,normal,1,1,1,2,75.0,75.0,75.0
TX_000002,2026-03-01 00:13:06,wallet_029,wallet_018,0.32715625,0.00126333,0.00386155,P2SH,normal,1,1,1,2,742.0,742.0,742.0
TX_000003,2026-03-01 00:14:27,wallet_070,wallet_012,0.31187574,0.00098357,0.00315372,P2PKH,normal,1,1,1,2,80.0,80.0,80.0
TX_000004,2026-03-01 00:39:14,wallet_012,wallet_028,0.75022534,0.00098031,0.00130669,P2SH,normal,1,1,1,2,624.0,624.0,624.0
TX_000005,2026-03-01 00:39:48,wallet_072,wallet_026,0.11113009,0.00045101,0.0040584,P2SH,normal,5,5,4,9,1025.4,334.0,1887.0
TX_000006,2026-03-01 00:44:01,wallet_054,wallet_029,0.11881308,0.0003234,0.00272192,P2PKH,normal,5,5,5,10,1224.8,420.0,2304.0
TX_000007,2026-03-01 00:51:26,wallet_001,wallet_098,0.00970554,8.929e-05,0.0091999,P2SH,normal,2,2,2,4,594.0,217.0,971.0
TX_000008,2026-03-01 00:58:29,wallet_044,wallet_036,0.6979859,0.00065156,0.00093349,P2WPKH,normal,1,1,1,2,284.0,284.0,284.0
TX_000009,2026-03-01 01:17:34,wallet_044,wallet_014,0.1334998,0.00012402,0.00092899,P2PKH,normal,2,2,2,4,857.5,630.0,1085.0
TX_000010,2026-03-01 01:26:51,wallet_045,wallet_078,0.09154833,0.00017782,0.00194236,P2PKH,normal,2,2,2,4,834.0,624.0,1044.0
TX_000011,2026-03-01 01:39:11,wallet_059,wallet_069,0.10483475,0.00012461,0.00118863,P2WPKH,normal,1,1,1,2,162.0,162.0,162.0
TX_000012,2026-03-01 01:53:47,wallet_011,wallet_071,0.45715378,0.00075245,0.00164595,P2SH,normal,4,4,4,8,1239.75,660.0,1754.0
TX_000454,2026-03-01 01:58:00,wallet_072,wallet_026,887.62157421,0.03536492,3.984e-05,P2SH,high_value_anomaly,4,4,4,8,954.0,302.0,1505.0
TX_000013,2026-03-01 02:11:54,wallet_047,wallet_074,0.25837662,0.00031928,0.00123572,P2PKH,normal,1,1,1,2,789.0,789.0,789.0
TX_000014,2026-03-01 02:15:48,wallet_085,wallet_030,0.12020907,0.00051738,0.004304,P2WPKH,normal,1,1,1,2,690.0,690.0,690.0
TX_000015,2026-03-01 02:17:18,wallet_030,wallet_013,0.10857603,0.00026309,0.00242309,P2PKH,normal,2,2,2,4,877.0,602.0,1152.0
TX_000016,2026-03-01 02:19:31,wallet_047,wallet_021,0.6955362,0.00138118,0.00198578,P2PKH,normal,2,2,2,4,382.5,109.0,656.0
TX_000017,2026-03-01 02:42:44,wallet_035,wallet_090,0.06548968,0.00035712,0.00545307,P2SH,normal,4,4,4,8,1621.5,612.0,2319.0
TX_000018,2026-03-01 02:56:34,wallet_078,wallet_082,0.18376335,0.00022248,0.00121069,P2SH,normal,5,5,5,10,1631.0,617.0,2654.0
TX_000019,2026-03-01 02:57:25,wallet_021,wallet_060,0.16942574,0.00038196,0.00225444,P2WPKH,normal,4,3,4,7,992.25,244.0,1586.0
TX_000020,2026-03-01 03:19:18,wallet_082,wallet_089,0.3560154,0.00105719,0.00296951,P2SH,normal,2,2,2,4,545.5,482.0,609.0
TX_000021,2026-03-01 03:26:56,wallet_099,wallet_100,6.25871974,0.00239136,0.00038208,P2WPKH,normal,5,5,5,9,972.8,65.0,1745.0
TX_000022,2026-03-01 03:31:11,wallet_041,wallet_052,0.93460404,0.0013696,0.00146543,P2PKH,normal,1,1,1,2,101.0,101.0,101.0
TX_000023,2026-03-01 04:41:12,wallet_073,wallet_092,0.29006971,0.00052627,0.00181429,P2SH,normal,5,5,5,9,825.8,132.0,1923.0
TX_000459,2026-03-01 05:32:00,wallet_071,wallet_038,1012.34513068,0.03130747,3.093e-05,P2SH,high_value_anomaly,4,4,4,8,1506.5,683.0,2341.0
TX_000024,2026-03-01 05:32:21,wallet_051,wallet_083,0.64282243,0.00155959,0.00242616,P2PKH,normal,3,3,3,6,1164.67,518.0,1772.0
TX_000025,2026-03-01 05:34:22,wallet_032,wallet_096,0.06647679,0.00023951,0.00360291,P2PKH,normal,3,3,3,6,882.67,341.0,1247.0
TX_000461,2026-03-01 05:36:00,wallet_030,wallet_013,518.13884754,0.0232171,4.481e-05,P2SH,high_value_anomaly,3,3,3,6,874.33,739.0,1006.0
TX_000026,2026-03-01 05:40:51,wallet_075,wallet_055,0.03337484,0.00020016,0.00599733,P2PKH,normal,2,2,2,4,457.0,328.0,586.0
TX_000027,2026-03-01 06:16:18,wallet_029,wallet_018,0.04433354,0.00016512,0.00372449,P2PKH,normal,3,3,3,6,271.33,102.0,515.0
TX_000028,2026-03-01 06:32:06,wallet_007,wallet_015,0.07755953,0.00011584,0.00149356,P2PKH,normal,4,4,3,7,898.5,624.0,1117.0
TX_000029,2026-03-01 06:35:18,wallet_088,wallet_055,0.44867672,0.00140608,0.00313384,P2PKH,normal,3,2,3,5,897.0,623.0,1229.0
TX_000030,2026-03-01 07:01:34,wallet_077,wallet_060,0.64745768,0.00179338,0.00276988,P2WPKH,normal,1,1,1,2,441.0,441.0,441.0
TX_000457,2026-03-01 07:08:00,wallet_012,wallet_049,206.38801452,0.04252722,0.00020605,P2WPKH,high_value_anomaly,4,4,4,8,1102.75,634.0,1698.0
TX_000031,2026-03-01 07:31:14,wallet_002,wallet_088,0.17401756,0.00068195,0.00391886,P2SH,normal,4,4,4,7,947.5,408.0,1663.0
TX_000032,2026-03-01 07:33:51,wallet_069,wallet_097,0.10559198,0.00019861,0.00188092,P2SH,normal,2,2,2,4,845.5,644.0,1047.0
TX_000033,2026-03-01 08:13:47,wallet_015,wallet_038,0.03652406,0.00013146,0.00359927,P2PKH,normal,5,5,5,10,1008.2,168.0,1625.0
TX_000034,2026-03-01 08:15:15,wallet_093,wallet_034,0.83491644,0.00410957,0.00492213,P2SH,normal,2,2,2,4,659.0,480.0,838.0
TX_000035,2026-03-01 08:22:51,wallet_065,wallet_014,0.91911835,0.00406245,0.00441994,P2PKH,normal,2,2,2,4,741.0,490.0,992.0
TX_000036,2026-03-01 08:43:18,wallet_082,wallet_065,0.07593713,0.00028419,0.00374244,P2PKH,normal,2,2,1,3,869.0,724.0,1014.0
TX_000037,2026-03-01 09:27:06,wallet_098,wallet_021,0.06422287,0.00022616,0.00352149,P2SH,normal,2,2,2,4,137.0,75.0,199.0
TX_000038,2026-03-01 09:52:14,wallet_068,wallet_001,0.20372902,0.00066828,0.00328024,P2PKH,normal,4,4,4,7,1021.75,556.0,1547.0
TX_000039,2026-03-01 10:21:00,wallet_015,wallet_047,1.34248329,0.005,0.00372444,P2WPKH,normal,5,4,5,8,1808.8,659.0,2645.0
TX_000040,2026-03-01 10:34:46,wallet_040,wallet_031,0.33481321,0.00017851,0.00053316,P2WPKH,normal,3,3,3,6,827.33,377.0,1286.0
TX_000041,2026-03-01 10:49:43,wallet_011,wallet_094,0.13829502,0.00039316,0.00284291,P2PKH,normal,2,2,2,4,699.5,480.0,919.0
TX_000042,2026-03-01 10:52:10,wallet_098,wallet_069,0.20741433,0.00084908,0.00409364,P2PKH,normal,4,4,4,7,1137.75,479.0,1722.0
TX_000043,2026-03-01 10:52:58,wallet_061,wallet_071,0.0406604,8.697e-05,0.00213894,P2SH,normal,5,5,5,9,1507.0,728.0,2087.0
TX_000487,2026-03-01 11:03:00,wallet_082,wallet_015,112.29374029,0.0001,8.9e-07,P2WPKH,peeling_chain,1,1,1,2,222.0,222.0,222.0
TX_000488,2026-03-01 11:03:04,wallet_082,wallet_034,5.37600845,0.0001,1.86e-05,P2PKH,peeling_chain,5,5,5,10,1445.0,463.0,2486.0
TX_000044,2026-03-01 11:07:20,wallet_078,wallet_055,0.77957213,0.00381173,0.00488952,P2WPKH,normal,2,2,2,4,866.5,715.0,1018.0
TX_000489,2026-03-01 11:08:00,wallet_015,wallet_004,111.03676124,0.0001,9e-07,P2PKH,peeling_chain,2,2,2,4,752.5,693.0,812.0
TX_000490,2026-03-01 11:08:05,wallet_015,wallet_031,1.25677905,0.0001,7.957e-05,P2WPKH,peeling_chain,5,5,5,10,1241.8,745.0,1956.0
TX_000491,2026-03-01 11:13:00,wallet_004,wallet_095,109.8083349,0.0001,9.1e-07,P2WPKH,peeling_chain,4,4,4,7,1180.75,503.0,1577.0
TX_000492,2026-03-01 11:13:05,wallet_004,wallet_020,1.22822634,0.0001,8.142e-05,P2SH,peeling_chain,5,5,5,9,1632.6,635.0,2797.0
TX_000462,2026-03-01 11:16:00,wallet_048,wallet_046,330.45773385,0.01408191,4.261e-05,P2WPKH,high_value_anomaly,2,2,2,4,932.0,558.0,1306.0
TX_000464,2026-03-01 11:19:00,wallet_060,wallet_049,396.94260946,0.04634417,0.00011675,P2WPKH,high_value_anomaly,5,5,5,9,1009.2,185.0,1642.0
TX_000493,2026-03-01 11:24:00,wallet_095,wallet_036,107.74180284,0.0001,9.3e-07,P2SH,peeling_chain,4,4,3,7,1022.5,403.0,1527.0
TX_000494,2026-03-01 11:24:01,wallet_095,wallet_100,2.06633206,0.0001,4.839e-05,P2PKH,peeling_chain,4,4,4,7,1291.0,631.0,1762.0
TX_000045,2026-03-01 11:55:07,wallet_097,wallet_094,0.11750202,0.00045895,0.00390589,P2SH,normal,4,3,3,6,1380.5,735.0,1908.0
TX_000469,2026-03-01 12:00:20,wallet_034,wallet_056,0.44993321,0.0001,0.00022226,P2SH,high_frequency_anomaly,2,2,2,4,780.5,552.0,1009.0
TX_000470,2026-03-01 12:00:33,wallet_034,wallet_029,0.49868963,0.0001,0.00020053,P2PKH,high_frequency_anomaly,3,3,3,6,567.33,62.0,1072.0
TX_000471,2026-03-01 12:00:51,wallet_034,wallet_065,0.05454561,0.0001,0.00183333,P2PKH,high_frequency_anomaly,4,4,4,8,1569.0,796.0,2514.0
TX_000472,2026-03-01 12:00:56,wallet_034,wallet_020,0.31744856,0.0001,0.00031501,P2WPKH,high_frequency_anomaly,5,5,5,10,1235.0,190.0,2354.0
TX_000473,2026-03-01 12:01:11,wallet_034,wallet_078,0.04112858,0.0001,0.0024314,P2SH,high_frequency_anomaly,2,2,2,4,138.0,79.0,197.0
TX_000474,2026-03-01 12:01:27,wallet_034,wallet_069,0.13319292,0.0001,0.00075079,P2WPKH,high_frequency_anomaly,5,5,4,9,1358.6,496.0,2322.0
TX_000475,2026-03-01 12:01:29,wallet_034,wallet_089,0.36315369,0.0001,0.00027537,P2WPKH,high_frequency_anomaly,3,3,3,6,874.33,592.0,1202.0
TX_000476,2026-03-01 12:01:48,wallet_034,wallet_098,0.14074434,0.0001,0.00071051,P2WPKH,high_frequency_anomaly,3,3,3,5,372.0,148.0,757.0
TX_000477,2026-03-01 12:02:00,wallet_034,wallet_015,0.15381506,0.0001,0.00065013,P2PKH,high_frequency_anomaly,2,2,2,4,629.0,565.0,693.0
TX_000478,2026-03-01 12:02:16,wallet_034,wallet_001,0.4773698,0.0001,0.00020948,P2WPKH,high_frequency_anomaly,3,3,3,6,1173.33,757.0,1421.0
TX_000479,2026-03-01 12:02:26,wallet_034,wallet_066,0.38336148,0.0001,0.00026085,P2WPKH,high_frequency_anomaly,2,2,2,4,819.0,754.0,884.0
TX_000480,2026-03-01 12:02:31,wallet_034,wallet_082,0.15623795,0.0001,0.00064005,P2WPKH,high_frequency_anomaly,4,3,4,7,1226.25,491.0,1673.0
TX_000481,2026-03-01 12:02:49,wallet_034,wallet_079,0.10746644,0.0001,0.00093052,P2SH,high_frequency_anomaly,2,2,1,3,406.0,239.0,573.0
TX_000482,2026-03-01 12:02:56,wallet_034,wallet_071,0.47721488,0.0001,0.00020955,P2WPKH,high_frequency_anomaly,5,5,5,10,1750.6,796.0,2698.0
TX_000483,2026-03-01 12:02:58,wallet_034,wallet_078,0.16883647,0.0001,0.00059229,P2PKH,high_frequency_anomaly,3,3,3,6,871.0,438.0,1366.0
TX_000484,2026-03-01 12:03:03,wallet_034,wallet_048,0.44057372,0.0001,0.00022698,P2SH,high_frequency_anomaly,1,1,1,2,134.0,134.0,134.0
TX_000485,2026-03-01 12:03:12,wallet_034,wallet_008,0.12802708,0.0001,0.00078108,P2WPKH,high_frequency_anomaly,4,4,4,8,1571.25,664.0,2614.0
TX_000486,2026-03-01 12:03:16,wallet_034,wallet_011,0.36863472,0.0001,0.00027127,P2PKH,high_frequency_anomaly,1,1,1,2,172.0,172.0,172.0
TX_000046,2026-03-01 12:23:27,wallet_052,wallet_086,0.03710273,0.00017186,0.004632,P2PKH,normal,2,2,2,4,306.0,127.0,485.0
TX_000047,2026-03-01 12:28:48,wallet_067,wallet_058,0.17297751,0.00016986,0.00098198,P2PKH,normal,5,5,5,10,800.8,92.0,1796.0
TX_000048,2026-03-01 12:32:28,wallet_044,wallet_003,0.13368853,0.00044875,0.00335668,P2PKH,normal,5,5,5,8,1388.8,324.0,2265.0
TX_000049,2026-03-01 13:25:43,wallet_029,wallet_001,0.40727689,0.00023241,0.00057064,P2SH,normal,5,4,5,8,760.2,245.0,1500.0
TX_000050,2026-03-01 14:06:54,wallet_030,wallet_009,0.89567647,0.00411329,0.00459238,P2WPKH,normal,4,4,4,8,873.0,327.0,1472.0
TX_000051,2026-03-01 14:39:37,wallet_010,wallet_066,1.15746765,0.00151561,0.00130942,P2SH,normal,5,5,5,10,1019.8,179.0,1569.0
TX_000455,2026-03-01 15:12:00,wallet_058,wallet_076,406.00977905,0.04359572,0.00010738,P2PKH,high_value_anomaly,2,2,2,4,368.0,135.0,601.0
TX_000052,2026-03-01 15:25:04,wallet_028,wallet_070,0.27545361,0.00025613,0.00092985,P2WPKH,normal,1,1,1,2,205.0,205.0,205.0
TX_000053,2026-03-01 15:32:53,wallet_074,wallet_061,0.16398895,0.00026166,0.0015956,P2PKH,normal,2,2,2,4,512.5,171.0,854.0
TX_000054,2026-03-01 15:44:11,wallet_053,wallet_025,0.14350422,0.00013068,0.00091064,P2SH,normal,4,4,4,8,839.0,354.0,1382.0
TX_000466,2026-03-01 15:48:00,wallet_005,wallet_041,541.28126572,0.00424324,7.84e-06,P2WPKH,high_value_anomaly,4,4,3,7,1026.75,198.0,1949.0
TX_000055,2026-03-01 16:18:25,wallet_046,wallet_055,0.00922156,6.95e-05,0.00753669,P2WPKH,normal,4,4,4,8,1310.0,755.0,1996.0
TX_000056,2026-03-01 16:23:36,wallet_007,wallet_087,0.33777393,0.00116531,0.00344997,P2SH,normal,1,1,1,2,111.0,111.0,111.0
TX_000057,2026-03-01 16:26:19,wallet_008,wallet_052,0.38424442,0.0014595,0.00379836,P2WPKH,normal,4,4,4,8,1523.5,755.0,2133.0
TX_000058,2026-03-01 16:34:17,wallet_014,wallet_032,0.18281637,0.00023991,0.0013123,P2SH,normal,3,3,3,6,1351.33,640.0,2057.0
TX_000059,2026-03-01 16:49:04,wallet_018,wallet_055,0.07195832,0.00012189,0.0016939,P2PKH,normal,3,3,3,6,1089.0,378.0,1751.0
TX_000060,2026-03-01 18:00:35,wallet_010,wallet_057,1.20291826,0.00493302,0.00410088,P2WPKH,normal,3,3,3,5,711.33,168.0,1193.0
TX_000458,2026-03-01 18:13:00,wallet_006,wallet_094,605.36736764,0.00711648,1.176e-05,P2SH,high_value_anomaly,3,2,3,5,1098.67,764.0,1636.0
TX_000061,2026-03-01 19:06:23,wallet_013,wallet_007,0.21821795,0.00076914,0.00352464,P2SH,normal,1,1,1,2,258.0,258.0,258.0
TX_000062,2026-03-01 19:13:42,wallet_002,wallet_012,0.02995061,0.00018895,0.00630872,P2WPKH,normal,4,4,4,8,728.75,174.0,1491.0
TX_000063,2026-03-01 19:20:34,wallet_022,wallet_053,0.2522883,0.00067558,0.00267781,P2PKH,normal,4,4,4,8,1352.0,533.0,2009.0
TX_000064,2026-03-01 19:34:42,wallet_052,wallet_008,0.13277077,0.00017039,0.00128334,P2PKH,normal,5,5,5,9,1276.2,545.0,1952.0
TX_000065,2026-03-01 19:35:55,wallet_050,wallet_034,0.39585984,0.00188677,0.00476626,P2SH,normal,5,5,5,10,1440.2,389.0,2333.0
TX_000066,2026-03-01 19:41:33,wallet_037,wallet_055,0.16351765,0.00062449,0.0038191,P2SH,normal,4,4,3,7,1431.5,604.0,2264.0
TX_000067,2026-03-01 19:44:50,wallet_072,wallet_085,0.33547265,0.00126448,0.00376925,P2PKH,normal,1,1,1,2,350.0,350.0,350.0
TX_000068,2026-03-01 19:50:32,wallet_038,wallet_028,0.2211628,0.0011219,0.00507273,P2SH,normal,5,5,5,9,1240.0,471.0,2112.0
TX_000069,2026-03-01 20:13:00,wallet_070,wallet_008,0.08800133,0.00038133,0.00433323,P2PKH,normal,3,2,3,5,1093.0,651.0,1460.0
TX_000070,2026-03-01 20:39:13,wallet_075,wallet_062,0.56426517,0.00149676,0.00265258,P2WPKH,normal,3,3,3,6,759.33,72.0,1382.0
TX_000071,2026-03-01 20:48:33,wallet_021,wallet_008,1.20471903,0.005,0.00415035,P2PKH,normal,2,2,2,4,1031.0,685.0,1377.0
TX_000072,2026-03-01 21:04:03,wallet_024,wallet_009,1.18624268,0.00362732,0.00305782,P2SH,normal,1,1,1,2,643.0,643.0,643.0
TX_000073,2026-03-01 21:06:06,wallet_031,wallet_052,0.12342532,0.00013485,0.00109256,P2WPKH,normal,3,3,3,6,889.67,384.0,1299.0
TX_000074,2026-03-01 21:10:23,wallet_032,wallet_075,0.6755657,0.00208558,0.00308716,P2SH,normal,4,4,4,8,1093.5,127.0,2059.0
TX_000075,2026-03-01 21:11:22,wallet_054,wallet_085,1.72966188,0.005,0.00289074,P2SH,normal,3,3,3,6,809.33,160.0,1484.0
TX_000076,2026-03-01 21:11:52,wallet_034,wallet_027,0.63654975,0.00220259,0.0034602,P2PKH,normal,1,1,1,2,193.0,193.0,193.0
TX_000077,2026-03-01 21:26:23,wallet_034,wallet_051,0.48621911,0.00041044,0.00084415,P2SH,normal,1,1,1,2,290.0,290.0,290.0
TX_000078,2026-03-01 21:30:22,wallet_059,wallet_041,0.05143439,0.00028928,0.00562425,P2WPKH,normal,5,5,5,9,908.0,479.0,1714.0
TX_000079,2026-03-01 21:54:01,wallet_002,wallet_059,0.46984983,0.00152706,0.0032501,P2SH,normal,1,1,1,2,515.0,515.0,515.0
TX_000080,2026-03-01 21:57:08,wallet_013,wallet_010,0.18394383,0.00055298,0.00300624,P2SH,normal,5,5,5,10,563.4,71.0,979.0
TX_000081,2026-03-01 22:05:38,wallet_017,wallet_045,0.14542511,0.00069223,0.00476004,P2WPKH,normal,2,2,2,4,741.5,652.0,831.0
TX_000082,2026-03-01 22:27:22,wallet_048,wallet_037,0.43489361,0.00042964,0.00098792,P2WPKH,normal,4,4,4,7,796.5,509.0,1026.0
TX_000083,2026-03-01 23:01:31,wallet_091,wallet_039,1.14644268,0.00360079,0.00314084,P2WPKH,normal,1,1,1,2,379.0,379.0,379.0
TX_000084,2026-03-01 23:07:13,wallet_084,wallet_068,4.69733468,0.0006998,0.00014898,P2WPKH,normal,5,5,5,10,1823.0,698.0,2746.0
TX_000085,2026-03-01 23:09:20,wallet_039,wallet_085,0.03963472,7.408e-05,0.00186907,P2WPKH,normal,1,1,1,2,370.0,370.0,370.0
TX_000086,2026-03-01 23:18:05,wallet_034,wallet_015,0.93134333,0.00420341,0.00451328,P2SH,normal,2,2,2,4,825.5,753.0,898.0
TX_000087,2026-03-01 23:44:08,wallet_020,wallet_035,0.46821346,0.00074324,0.0015874,P2PKH,normal,5,5,5,10,860.4,111.0,1603.0
TX_000088,2026-03-01 23:46:03,wallet_044,wallet_027,0.96125549,0.00338434,0.00352075,P2WPKH,normal,3,3,3,6,1375.33,637.0,2129.0
TX_000089,2026-03-01 23:49:44,wallet_065,wallet_063,0.29274479,0.0004395,0.00150131,P2WPKH,normal,2,2,2,4,545.0,196.0,894.0
TX_000090,2026-03-01 23:50:05,wallet_007,wallet_012,0.61685686,0.00202887,0.00328905,P2WPKH,normal,4,4,4,8,1395.0,399.0,2439.0
TX_000091,2026-03-01 23:52:23,wallet_006,wallet_001,0.27521563,0.00052734,0.0019161,P2PKH,normal,2,2,2,4,946.0,574.0,1318.0
TX_000092,2026-03-02 00:16:05,wallet_034,wallet_021,0.05180721,0.00024335,0.00469722,P2SH,normal,3,3,3,6,392.0,96.0,626.0
TX_000093,2026-03-02 00:37:21,wallet_055,wallet_072,0.53869878,0.00012939,0.00024019,P2PKH,normal,4,3,4,7,1103.5,595.0,1804.0
TX_000094,2026-03-02 00:42:55,wallet_089,wallet_020,0.07097719,0.00024685,0.00347788,P2WPKH,normal,3,3,3,6,482.0,225.0,838.0
TX_000095,2026-03-02 00:50:57,wallet_075,wallet_071,0.56212717,0.00051413,0.00091462,P2PKH,normal,2,2,2,4,252.0,128.0,376.0
TX_000096,2026-03-02 01:28:57,wallet_040,wallet_047,1.02231271,0.00465553,0.00455392,P2SH,normal,2,2,2,4,624.0,291.0,957.0
TX_000097,2026-03-02 01:50:33,wallet_006,wallet_046,0.07877423,0.00013897,0.00176416,P2PKH,normal,4,4,4,8,1356.5,525.0,2222.0
TX_000098,2026-03-02 01:59:53,wallet_014,wallet_046,0.26581206,0.00109267,0.00411069,P2WPKH,normal,1,1,1,2,367.0,367.0,367.0
TX_000099,2026-03-02 02:06:12,wallet_053,wallet_080,0.64044519,0.00246604,0.00385051,P2WPKH,normal,3,3,3,6,778.33,128.0,1462.0
TX_000100,2026-03-02 02:26:18,wallet_031,wallet_021,0.16737585,0.00086736,0.00518211,P2WPKH,normal,1,1,1,2,511.0,511.0,511.0
TX_000101,2026-03-02 02:58:08,wallet_053,wallet_004,5.93760938,0.005,0.00084209,P2WPKH,normal,2,2,2,4,382.5,90.0,675.0
TX_000102,2026-03-02 03:11:51,wallet_053,wallet_086,0.2497034,0.00113219,0.00453414,P2WPKH,normal,3,3,3,5,1168.67,446.0,1902.0
TX_000103,2026-03-02 03:16:21,wallet_035,wallet_021,0.07025535,0.00032808,0.00466982,P2PKH,normal,5,5,5,9,1495.8,203.0,2568.0
TX_000104,2026-03-02 03:17:00,wallet_005,wallet_061,0.7208069,0.00090771,0.0012593,P2WPKH,normal,2,2,2,4,364.0,269.0,459.0
TX_000105,2026-03-02 03:37:54,wallet_059,wallet_045,0.19224996,0.00035672,0.0018555,P2SH,normal,1,1,1,2,569.0,569.0,569.0
TX_000503,2026-03-02 04:13:00,wallet_011,wallet_030,82.37887456,0.0001,1.21e-06,P2WPKH,peeling_chain,3,3,3,6,1228.33,536.0,1943.0
TX_000504,2026-03-02 04:13:01,wallet_011,wallet_064,3.14799546,0.0001,3.177e-05,P2WPKH,peeling_chain,3,3,3,6,886.67,751.0,1100.0
TX_000505,2026-03-02 04:23:00,wallet_030,wallet_013,79.46253394,0.0001,1.26e-06,P2WPKH,peeling_chain,3,3,3,5,1114.33,709.0,1393.0
TX_000506,2026-03-02 04:23:02,wallet_030,wallet_087,2.91614062,0.0001,3.429e-05,P2PKH,peeling_chain,3,3,3,6,767.33,480.0,1264.0
TX_000507,2026-03-02 04:29:00,wallet_013,wallet_049,77.19841389,0.0001,1.3e-06,P2WPKH,peeling_chain,3,3,3,6,1007.0,371.0,1701.0
TX_000508,2026-03-02 04:29:05,wallet_013,wallet_052,2.26392005,0.0001,4.417e-05,P2PKH,peeling_chain,2,2,2,4,442.5,316.0,569.0
TX_000509,2026-03-02 04:44:00,wallet_049,wallet_036,74.31218438,0.0001,1.35e-06,P2PKH,peeling_chain,4,4,4,7,1422.25,634.0,2117.0
TX_000510,2026-03-02 04:44:02,wallet_049,wallet_023,2.88602951,0.0001,3.465e-05,P2PKH,peeling_chain,3,3,3,6,814.0,224.0,1499.0
TX_000106,2026-03-02 04:46:05,wallet_030,wallet_029,0.54248708,0.00016715,0.00030812,P2PKH,normal,5,5,5,10,1042.8,184.0,1672.0
TX_000453,2026-03-02 04:58:00,wallet_005,wallet_004,203.06476385,0.01240038,6.107e-05,P2WPKH,high_value_anomaly,4,4,3,7,1158.75,519.0,1758.0
TX_000495,2026-03-02 05:11:00,wallet_090,wallet_055,57.05186623,0.0001,1.75e-06,P2SH,peeling_chain,5,5,5,10,1871.8,733.0,3106.0
TX_000496,2026-03-02 05:11:01,wallet_090,wallet_029,2.61957145,0.0001,3.817e-05,P2WPKH,peeling_chain,5,5,5,10,1486.2,593.0,2782.0
TX_000497,2026-03-02 05:14:00,wallet_055,wallet_044,55.4327057,0.0001,1.8e-06,P2SH,peeling_chain,4,4,3,7,1060.25,324.0,1686.0
TX_000498,2026-03-02 05:14:01,wallet_055,wallet_047,1.61896053,0.0001,6.177e-05,P2WPKH,peeling_chain,3,3,3,5,563.0,343.0,712.0
TX_000499,2026-03-02 05:26:00,wallet_044,wallet_036,54.22811203,0.0001,1.84e-06,P2WPKH,peeling_chain,4,3,3,6,765.25,482.0,1007.0
TX_000500,2026-03-02 05:26:03,wallet_044,wallet_014,1.20439367,0.0001,8.303e-05,P2WPKH,peeling_chain,3,3,3,6,1080.33,737.0,1574.0
TX_000501,2026-03-02 05:29:00,wallet_036,wallet_020,53.26853302,0.0001,1.88e-06,P2PKH,peeling_chain,1,1,1,2,293.0,293.0,293.0
TX_000502,2026-03-02 05:29:02,wallet_036,wallet_012,0.95937901,0.0001,0.00010423,P2SH,peeling_chain,5,5,5,10,1167.8,449.0,2083.0
TX_000107,2026-03-02 05:52:31,wallet_043,wallet_036,0.12964508,0.00061205,0.00472097,P2WPKH,normal,5,5,5,10,1604.0,501.0,2592.0
TX_000108,2026-03-02 06:02:24,wallet_036,wallet_045,0.5669182,0.00188866,0.00333145,P2PKH,normal,1,1,1,2,277.0,277.0,277.0
TX_000109,2026-03-02 06:40:39,wallet_069,wallet_043,0.07344225,0.00039534,0.00538301,P2PKH,normal,4,4,4,7,1264.0,564.0,2091.0
TX_000110,2026-03-02 06:57:05,wallet_034,wallet_023,0.12056595,0.00040505,0.00335957,P2WPKH,normal,1,1,1,2,131.0,131.0,131.0
TX_000468,2026-03-02 07:29:00,wallet_019,wallet_034,253.59335148,0.03750446,0.00014789,P2WPKH,high_value_anomaly,4,4,4,8,1050.25,682.0,1666.0
TX_000111,2026-03-02 07:52:16,wallet_005,wallet_014,0.47525201,0.00148678,0.0031284,P2PKH,normal,5,3,5,8,1709.4,794.0,2817.0
TX_000112,2026-03-02 07:54:28,wallet_041,wallet_056,1.85062786,0.005,0.00270179,P2SH,normal,1,1,1,2,679.0,679.0,679.0
TX_000113,2026-03-02 08:13:43,wallet_050,wallet_074,0.79366661,0.00086858,0.00109439,P2PKH,normal,1,1,1,2,586.0,586.0,586.0
TX_000114,2026-03-02 08:40:53,wallet_056,wallet_001,0.23731499,0.00067832,0.00285831,P2WPKH,normal,4,3,4,7,607.0,94.0,1292.0
TX_000115,2026-03-02 09:04:55,wallet_088,wallet_093,0.07059403,0.00038231,0.00541561,P2SH,normal,4,4,4,7,1008.75,762.0,1427.0
TX_000116,2026-03-02 09:12:02,wallet_026,wallet_047,1.17164123,0.00264326,0.00225603,P2WPKH,normal,2,2,2,4,555.0,342.0,768.0
TX_000117,2026-03-02 09:45:20,wallet_043,wallet_080,0.32153108,0.00057673,0.0017937,P2WPKH,normal,3,3,3,6,850.33,241.0,1488.0
TX_000118,2026-03-02 10:34:23,wallet_093,wallet_039,0.30381054,0.00083532,0.00274948,P2SH,normal,1,1,1,2,385.0,385.0,385.0
TX_000119,2026-03-02 10:48:52,wallet_042,wallet_052,1.25210683,0.00445281,0.00355625,P2SH,normal,4,4,4,8,1055.75,220.0,1867.0
TX_000120,2026-03-02 11:10:01,wallet_025,wallet_054,0.22509509,0.0008059,0.00358026,P2PKH,normal,4,4,4,6,808.25,85.0,1383.0
TX_000121,2026-03-02 11:34:23,wallet_096,wallet_023,0.29486295,0.0009688,0.00328559,P2PKH,normal,3,3,3,5,859.0,305.0,1521.0
TX_000122,2026-03-02 11:42:47,wallet_071,wallet_001,0.27566115,0.00048802,0.00177036,P2PKH,normal,4,4,4,8,1421.5,254.0,2588.0
TX_000123,2026-03-02 11:52:22,wallet_075,wallet_078,0.27199472,0.00094977,0.00349187,P2PKH,normal,5,5,5,10,1368.0,279.0,2374.0
TX_000124,2026-03-02 11:53:15,wallet_057,wallet_087,0.07988919,0.00014164,0.00177296,P2PKH,normal,1,1,1,2,510.0,510.0,510.0
TX_000125,2026-03-02 12:05:56,wallet_095,wallet_022,0.02609019,0.00013684,0.00524488,P2PKH,normal,5,5,5,10,1274.0,705.0,2221.0
TX_000126,2026-03-02 12:23:58,wallet_085,wallet_082,0.34258532,0.00112379,0.00328032,P2PKH,normal,1,1,1,2,564.0,564.0,564.0
TX_000127,2026-03-02 12:24:45,wallet_097,wallet_031,0.07640216,0.00030952,0.00405119,P2PKH,normal,5,5,5,10,1658.2,787.0,2944.0
TX_000128,2026-03-02 12:39:41,wallet_026,wallet_019,0.14930252,8.28e-05,0.00055458,P2PKH,normal,1,1,1,2,211.0,211.0,211.0
TX_000129,2026-03-02 13:09:14,wallet_061,wallet_079,0.4314911,0.00188975,0.00437958,P2PKH,normal,3,3,3,6,992.33,671.0,1232.0
TX_000130,2026-03-02 13:11:11,wallet_054,wallet_081,0.04855558,0.00019182,0.00395052,P2SH,normal,4,4,4,8,881.0,303.0,1344.0
TX_000131,2026-03-02 13:12:24,wallet_050,wallet_064,3.92294697,0.005,0.00127455,P2PKH,normal,3,3,3,6,869.0,559.0,1193.0
TX_000132,2026-03-02 13:32:51,wallet_089,wallet_001,2.03826001,0.005,0.00245307,P2WPKH,normal,1,1,1,2,160.0,160.0,160.0
TX_000133,2026-03-02 13:58:54,wallet_014,wallet_100,0.22722193,0.00054607,0.00240325,P2PKH,normal,4,4,4,8,1065.75,424.0,1927.0
TX_000134,2026-03-02 14:06:52,wallet_090,wallet_067,0.37926839,0.00095125,0.00250812,P2SH,normal,1,1,1,2,453.0,453.0,453.0
TX_000465,2026-03-02 14:11:00,wallet_029,wallet_088,456.71100786,0.03864737,8.462e-05,P2PKH,high_value_anomaly,3,3,3,6,578.0,238.0,856.0
TX_000135,2026-03-02 14:38:44,wallet_016,wallet_059,0.13088994,0.00014861,0.00113538,P2PKH,normal,2,2,2,4,761.0,666.0,856.0
TX_000136,2026-03-02 14:40:32,wallet_068,wallet_072,0.03010817,0.00014086,0.00467846,P2WPKH,normal,2,2,2,4,778.0,670.0,886.0
TX_000137,2026-03-02 14:41:12,wallet_057,wallet_079,0.08837352,0.00041176,0.00465931,P2WPKH,normal,5,5,5,10,1101.4,571.0,1971.0
TX_000138,2026-03-02 14:45:10,wallet_055,wallet_071,1.63814102,0.00379311,0.0023155,P2PKH,normal,2,2,2,4,332.5,82.0,583.0
TX_000139,2026-03-02 14:48:44,wallet_061,wallet_058,0.32671091,0.00049761,0.00152309,P2PKH,normal,2,2,2,4,867.0,470.0,1264.0
TX_000140,2026-03-02 15:13:58,wallet_082,wallet_036,0.03223596,0.00017419,0.00540359,P2SH,normal,5,4,4,8,1178.0,382.0,1951.0
TX_000460,2026-03-02 15:34:00,wallet_025,wallet_091,176.51066371,0.0334019,0.00018923,P2SH,high_value_anomaly,3,3,3,6,910.67,565.0,1171.0
TX_000141,2026-03-02 15:35:43,wallet_081,wallet_031,0.35090334,0.00055724,0.00158802,P2PKH,normal,4,4,4,8,1248.5,374.0,2195.0
TX_000142,2026-03-02 15:54:48,wallet_037,wallet_031,1.61869648,0.00236701,0.00146229,P2PKH,normal,4,4,4,8,1000.75,269.0,1805.0
TX_000143,2026-03-02 16:05:50,wallet_070,wallet_011,0.09283889,0.00012223,0.00131658,P2PKH,normal,2,2,2,4,323.5,55.0,592.0
TX_000144,2026-03-02 16:34:21,wallet_089,wallet_020,0.04803124,0.00022106,0.00460242,P2PKH,normal,3,3,3,6,1015.0,378.0,1572.0
TX_000145,2026-03-02 16:34:48,wallet_053,wallet_043,0.16781882,0.00051298,0.00305675,P2PKH,normal,2,2,2,4,425.5,346.0,505.0
TX_000146,2026-03-02 16:37:01,wallet_027,wallet_054,2.1094069,0.00428661,0.00203214,P2SH,normal,5,5,5,10,1551.2,555.0,2840.0
TX_000147,2026-03-02 16:50:42,wallet_090,wallet_003,0.04717312,0.00025275,0.00535792,P2SH,normal,1,1,1,2,239.0,239.0,239.0
TX_000148,2026-03-02 17:02:14,wallet_049,wallet_062,0.19668689,7.535e-05,0.0003831,P2PKH,normal,3,3,3,5,1012.0,442.0,1506.0
TX_000149,2026-03-02 17:12:34,wallet_097,wallet_050,1.42145527,0.005,0.00351752,P2WPKH,normal,4,4,4,8,1152.5,364.0,1924.0
TX_000150,2026-03-02 17:13:39,wallet_054,wallet_069,1.09189702,0.00415862,0.00380862,P2SH,normal,2,2,2,4,598.0,303.0,893.0
TX_000151,2026-03-02 17:23:12,wallet_078,wallet_029,0.23935935,0.00064656,0.00270121,P2PKH,normal,1,1,1,2,610.0,610.0,610.0
TX_000152,2026-03-02 18:02:11,wallet_063,wallet_004,3.73443417,0.005,0.00133889,P2SH,normal,5,5,4,9,1385.0,502.0,2130.0
TX_000153,2026-03-02 18:23:50,wallet_052,wallet_093,0.17500355,0.00020903,0.00119443,P2PKH,normal,1,1,1,2,483.0,483.0,483.0
TX_000154,2026-03-02 18:41:37,wallet_017,wallet_080,0.24004615,0.00070225,0.00292548,P2WPKH,normal,1,1,1,2,120.0,120.0,120.0
TX_000155,2026-03-02 19:38:07,wallet_076,wallet_073,0.02289464,0.00012667,0.00553274,P2PKH,normal,2,2,2,4,926.5,706.0,1147.0
TX_000451,2026-03-02 19:49:00,wallet_015,wallet_004,915.70554974,0.0129997,1.42e-05,P2PKH,high_value_anomaly,2,2,2,4,373.0,125.0,621.0
TX_000156,2026-03-02 19:58:53,wallet_055,wallet_018,1.03732877,0.00455986,0.00439577,P2PKH,normal,5,5,4,9,1185.4,186.0,2088.0
TX_000157,2026-03-02 20:11:18,wallet_034,wallet_049,0.50875853,0.00091694,0.00180231,P2PKH,normal,2,2,2,4,1031.5,792.0,1271.0
TX_000158,2026-03-02 20:21:13,wallet_044,wallet_098,0.24296616,0.00112154,0.00461603,P2PKH,normal,1,1,1,2,658.0,658.0,658.0
TX_000463,2026-03-02 20:24:00,wallet_010,wallet_078,798.47611702,0.02717285,3.403e-05,P2PKH,high_value_anomaly,4,4,3,6,1308.5,710.0,2129.0
TX_000159,2026-03-02 21:26:21,wallet_054,wallet_033,0.12446642,0.00057165,0.00459281,P2PKH,normal,1,1,1,2,461.0,461.0,461.0
TX_000160,2026-03-02 21:34:11,wallet_096,wallet_070,0.28625219,0.00015168,0.00052988,P2WPKH,normal,1,1,1,2,193.0,193.0,193.0
TX_000161,2026-03-02 22:11:37,wallet_029,wallet_084,0.10574925,9.613e-05,0.00090904,P2WPKH,normal,5,5,5,9,1073.6,376.0,2127.0
TX_000162,2026-03-02 22:35:38,wallet_006,wallet_097,0.14564453,8.671e-05,0.00059535,P2PKH,normal,4,4,3,7,1012.5,202.0,1852.0
TX_000163,2026-03-02 22:55:37,wallet_003,wallet_080,0.34452683,0.0003417,0.0009918,P2PKH,normal,3,3,3,6,1462.33,712.0,2172.0
TX_000164,2026-03-02 23:28:19,wallet_086,wallet_015,0.44824154,0.00133352,0.002975,P2PKH,normal,5,5,5,9,1548.0,791.0,2398.0
TX_000165,2026-03-02 23:35:06,wallet_090,wallet_033,0.43261132,0.00171893,0.00397338,P2PKH,normal,3,3,3,6,1014.33,365.0,1524.0
TX_000456,2026-03-02 23:49:00,wallet_055,wallet_044,405.65847584,0.01155037,2.847e-05,P2SH,high_value_anomaly,1,1,1,2,66.0,66.0,66.0
TX_000166,2026-03-03 00:08:09,wallet_078,wallet_096,0.095164,0.00039449,0.00414537,P2SH,normal,1,1,1,2,317.0,317.0,317.0
TX_000167,2026-03-03 01:41:27,wallet_021,wallet_040,0.02611603,6.644e-05,0.00254403,P2PKH,normal,2,2,2,4,747.0,387.0,1107.0
TX_000168,2026-03-03 02:11:34,wallet_040,wallet_074,0.05157676,0.00022634,0.00438841,P2WPKH,normal,4,4,4,8,1696.5,790.0,2266.0
TX_000169,2026-03-03 02:20:04,wallet_051,wallet_092,1.43825667,0.00159155,0.00110658,P2SH,normal,2,2,2,4,377.0,119.0,635.0
TX_000452,2026-03-03 02:26:00,wallet_014,wallet_087,914.73451913,0.02772296,3.031e-05,P2WPKH,high_value_anomaly,3,3,3,6,617.0,189.0,1147.0
TX_000170,2026-03-03 02:48:19,wallet_081,wallet_032,0.13167461,0.00012891,0.000979,P2SH,normal,1,1,1,2,56.0,56.0,56.0
TX_000171,2026-03-03 02:50:39,wallet_088,wallet_077,0.22640628,0.00096629,0.00426795,P2SH,normal,5,5,5,9,1750.6,789.0,2420.0
TX_000172,2026-03-03 03:25:50,wallet_073,wallet_006,0.68189534,0.0012783,0.00187463,P2PKH,normal,2,2,2,4,576.0,357.0,795.0
TX_000173,2026-03-03 03:33:42,wallet_048,wallet_009,0.16745012,0.00048189,0.00287781,P2PKH,normal,1,1,1,2,769.0,769.0,769.0
TX_000174,2026-03-03 03:34:05,wallet_054,wallet_063,0.62174182,0.0004337,0.00069756,P2WPKH,normal,3,3,3,6,1176.33,629.0,1513.0
TX_000175,2026-03-03 04:21:24,wallet_082,wallet_059,0.16117758,0.00062473,0.00387604,P2PKH,normal,3,3,3,6,684.0,66.0,1141.0
TX_000176,2026-03-03 05:21:30,wallet_094,wallet_067,0.10691581,0.00056649,0.00529847,P2PKH,normal,2,2,2,4,1003.5,755.0,1252.0
TX_000177,2026-03-03 06:21:49,wallet_069,wallet_100,2.21395646,0.005,0.0022584,P2PKH,normal,5,5,5,10,1642.8,659.0,2494.0
TX_000178,2026-03-03 06:33:53,wallet_094,wallet_076,0.80113364,0.00118371,0.00147754,P2WPKH,normal,3,3,3,6,778.0,419.0,1078.0
TX_000179,2026-03-03 06:40:59,wallet_012,wallet_036,0.94734448,0.00423726,0.00447278,P2PKH,normal,1,1,1,2,412.0,412.0,412.0
TX_000180,2026-03-03 07:09:04,wallet_060,wallet_073,0.05307801,0.00021404,0.00403256,P2PKH,normal,3,3,3,5,741.0,473.0,1054.0
TX_000181,2026-03-03 07:40:35,wallet_004,wallet_064,0.09642634,0.00046171,0.00478821,P2PKH,normal,4,4,4,8,885.0,332.0,1456.0
TX_000182,2026-03-03 07:56:41,wallet_028,wallet_046,0.22078179,0.0009352,0.00423586,P2PKH,normal,3,3,3,6,1097.0,500.0,1624.0
TX_000183,2026-03-03 08:08:30,wallet_077,wallet_090,0.15398332,0.00072946,0.00473727,P2SH,normal,3,3,3,6,1057.33,435.0,1675.0
TX_000184,2026-03-03 08:11:09,wallet_067,wallet_025,0.58542082,0.00035413,0.00060492,P2SH,normal,4,4,4,8,761.0,348.0,1409.0
TX_000185,2026-03-03 08:14:24,wallet_063,wallet_072,0.46608354,0.00182811,0.00392228,P2SH,normal,4,3,4,7,1295.0,606.0,2077.0
TX_000186,2026-03-03 08:16:41,wallet_083,wallet_092,1.13821011,0.00290124,0.00254895,P2SH,normal,5,4,5,9,1121.0,581.0,1644.0
TX_000187,2026-03-03 08:18:36,wallet_012,wallet_038,0.13266023,0.00020731,0.00156271,P2SH,normal,1,1,1,2,498.0,498.0,498.0
TX_000188,2026-03-03 08:53:16,wallet_040,wallet_085,0.28495821,0.00089052,0.00312509,P2PKH,normal,3,3,3,6,670.0,95.0,1107.0
TX_000189,2026-03-03 09:17:55,wallet_068,wallet_045,0.89156691,0.00199805,0.00224105,P2SH,normal,4,4,4,7,1384.0,523.0,2269.0
TX_000190,2026-03-03 10:16:55,wallet_043,wallet_046,0.12582565,0.00049592,0.00394133,P2PKH,normal,1,1,1,2,641.0,641.0,641.0
TX_000191,2026-03-03 11:42:27,wallet_033,wallet_030,0.10055274,0.0001195,0.00118843,P2PKH,normal,2,2,2,4,870.0,518.0,1222.0
TX_000192,2026-03-03 11:44:21,wallet_016,wallet_096,1.14126083,0.00316077,0.00276954,P2SH,normal,5,5,5,10,1190.2,166.0,1898.0
TX_000467,2026-03-03 11:59:00,wallet_092,wallet_041,333.88919846,0.02546233,7.626e-05,P2WPKH,high_value_anomaly,1,1,1,2,192.0,192.0,192.0
TX_000193,2026-03-03 12:14:32,wallet_024,wallet_025,0.01936107,7.246e-05,0.00374256,P2PKH,normal,5,5,4,8,1452.4,760.0,2366.0
TX_000194,2026-03-03 13:02:03,wallet_093,wallet_076,1.46820231,0.005,0.00340553,P2SH,normal,1,1,1,2,628.0,628.0,628.0
TX_000195,2026-03-03 13:04:34,wallet_037,wallet_013,0.15523905,0.00069888,0.00450196,P2PKH,normal,3,3,3,5,807.33,280.0,1233.0
TX_000196,2026-03-03 13:17:22,wallet_047,wallet_023,0.22191177,0.00040087,0.00180644,P2SH,normal,1,1,1,2,786.0,786.0,786.0
TX_000197,2026-03-03 13:18:41,wallet_017,wallet_036,1.02569032,0.00038133,0.00037178,P2PKH,normal,2,2,2,4,423.5,354.0,493.0
TX_000198,2026-03-03 13:36:21,wallet_038,wallet_090,0.56272497,0.00270946,0.00481489,P2SH,normal,5,5,5,10,1722.6,755.0,3057.0
TX_000199,2026-03-03 14:42:00,wallet_097,wallet_063,0.03937076,7.373e-05,0.00187271,P2PKH,normal,2,2,2,4,919.5,768.0,1071.0
TX_000200,2026-03-03 15:22:45,wallet_037,wallet_061,0.08102769,0.00024817,0.00306278,P2PKH,normal,5,4,5,9,1360.8,697.0,2322.0
TX_000201,2026-03-03 15:27:58,wallet_007,wallet_033,0.24258168,0.00119285,0.00491731,P2PKH,normal,4,3,4,7,973.75,273.0,1850.0
TX_000202,2026-03-03 17:07:16,wallet_009,wallet_052,0.72629803,0.00187269,0.0025784,P2SH,normal,4,4,4,7,1441.25,517.0,2365.0
TX_000203,2026-03-03 17:08:57,wallet_088,wallet_007,0.39390436,0.00038224,0.00097039,P2WPKH,normal,2,2,2,4,758.0,489.0,1027.0
TX_000204,2026-03-03 17:23:55,wallet_039,wallet_011,0.23816792,0.00123374,0.00518013,P2PKH,normal,4,4,3,7,748.0,59.0,1409.0
TX_000205,2026-03-03 17:43:56,wallet_098,wallet_054,0.1328771,0.00045806,0.00344725,P2SH,normal,2,2,2,4,735.0,706.0,764.0
TX_000206,2026-03-03 18:03:51,wallet_029,wallet_100,2.0791526,0.005,0.00240483,P2PKH,normal,2,2,2,4,944.5,693.0,1196.0
TX_000207,2026-03-03 18:21:34,wallet_057,wallet_039,0.19531955,0.00089277,0.00457082,P2WPKH,normal,1,1,1,2,653.0,653.0,653.0
TX_000208,2026-03-03 18:41:05,wallet_040,wallet_073,0.72005402,0.00231315,0.00321247,P2SH,normal,2,2,2,4,635.5,303.0,968.0
TX_000209,2026-03-03 18:47:44,wallet_095,wallet_013,0.1846545,0.00092585,0.00501396,P2PKH,normal,1,1,1,2,724.0,724.0,724.0
TX_000210,2026-03-03 18:56:37,wallet_028,wallet_034,0.04388997,0.00019642,0.00447528,P2PKH,normal,3,3,3,6,929.0,711.0,1069.0
TX_000211,2026-03-03 19:14:18,wallet_023,wallet_071,0.02247733,6.052e-05,0.00269249,P2PKH,normal,5,5,5,10,1110.6,480.0,2028.0
TX_000212,2026-03-03 19:48:05,wallet_058,wallet_089,0.34471812,0.00108749,0.00315472,P2PKH,normal,3,3,3,6,595.67,130.0,1077.0
TX_000213,2026-03-03 20:11:20,wallet_030,wallet_037,0.54354413,0.00198724,0.00365608,P2SH,normal,4,4,4,8,906.5,168.0,1486.0
TX_000214,2026-03-03 20:22:20,wallet_059,wallet_010,1.31257434,0.00460225,0.00350628,P2WPKH,normal,2,2,2,4,569.5,325.0,814.0
TX_000215,2026-03-03 21:16:28,wallet_081,wallet_076,0.20426577,0.00073221,0.00358459,P2WPKH,normal,5,5,5,10,1298.4,692.0,2213.0
TX_000216,2026-03-03 21:49:54,wallet_055,wallet_015,0.15902952,0.00049025,0.00308276,P2SH,normal,1,1,1,2,616.0,616.0,616.0
TX_000217,2026-03-03 23:17:21,wallet_035,wallet_019,0.31808807,0.00019311,0.0006071,P2PKH,normal,2,2,2,4,793.5,476.0,1111.0
TX_000218,2026-03-03 23:27:06,wallet_040,wallet_077,0.05979609,0.00027542,0.00460599,P2SH,normal,5,5,5,10,837.2,97.0,1835.0
TX_000219,2026-03-04 00:37:20,wallet_037,wallet_057,0.31060359,0.00027032,0.00087031,P2SH,normal,4,4,4,8,1009.5,74.0,1861.0
TX_000220,2026-03-04 00:50:08,wallet_090,wallet_052,0.31175665,0.00152122,0.00487951,P2SH,normal,3,3,3,6,621.33,145.0,1143.0
TX_000221,2026-03-04 01:01:01,wallet_064,wallet_057,0.19586015,0.00014679,0.00074946,P2PKH,normal,5,4,5,8,928.0,113.0,1933.0
TX_000222,2026-03-04 01:41:11,wallet_056,wallet_095,0.20875751,0.00040058,0.00191888,P2PKH,normal,2,2,2,3,617.5,512.0,723.0
TX_000223,2026-03-04 02:14:52,wallet_012,wallet_030,1.37641183,0.005,0.00363263,P2WPKH,normal,3,3,3,6,660.33,201.0,1004.0
TX_000224,2026-03-04 03:12:57,wallet_074,wallet_076,0.32463629,0.0015949,0.00491288,P2WPKH,normal,5,5,4,9,918.0,305.0,1542.0
TX_000225,2026-03-04 03:51:00,wallet_087,wallet_035,0.15325862,0.00049807,0.00324987,P2SH,normal,1,1,1,2,389.0,389.0,389.0
TX_000226,2026-03-04 03:53:55,wallet_023,wallet_061,0.03274686,0.00013655,0.00416987,P2PKH,normal,5,5,5,10,1620.0,493.0,2721.0
TX_000227,2026-03-04 04:55:41,wallet_036,wallet_024,0.04318301,0.00026527,0.00614293,P2PKH,normal,3,3,3,6,973.0,442.0,1447.0
TX_000228,2026-03-04 05:18:07,wallet_063,wallet_012,0.42425957,0.00106952,0.00252091,P2PKH,normal,5,5,5,9,1109.8,564.0,1659.0
TX_000229,2026-03-04 05:37:32,wallet_042,wallet_086,0.08262263,0.00010061,0.00121771,P2PKH,normal,2,2,2,4,967.0,639.0,1295.0
TX_000230,2026-03-04 05:59:58,wallet_053,wallet_089,0.1549524,0.00044169,0.00285049,P2SH,normal,3,3,3,6,1047.67,631.0,1327.0
TX_000231,2026-03-04 06:14:49,wallet_052,wallet_098,0.25610539,0.00076594,0.00299072,P2PKH,normal,4,4,4,8,596.0,50.0,1237.0
TX_000232,2026-03-04 06:53:13,wallet_041,wallet_033,1.43550317,0.00246745,0.00171887,P2WPKH,normal,4,4,4,8,1085.5,650.0,1742.0
TX_000233,2026-03-04 07:09:26,wallet_052,wallet_066,0.76482809,0.00321803,0.00420752,P2PKH,normal,3,3,3,6,605.0,180.0,1005.0
TX_000234,2026-03-04 07:19:55,wallet_070,wallet_060,0.27234266,0.0006287,0.00230849,P2PKH,normal,3,3,3,6,329.33,129.0,590.0
TX_000235,2026-03-04 07:22:57,wallet_047,wallet_080,1.33222997,0.005,0.00375311,P2SH,normal,1,1,1,2,787.0,787.0,787.0
TX_000236,2026-03-04 07:27:54,wallet_098,wallet_007,0.63979351,0.00075213,0.00117558,P2SH,normal,4,4,4,8,647.25,220.0,936.0
TX_000237,2026-03-04 07:30:59,wallet_037,wallet_057,0.02795812,0.00017347,0.00620464,P2PKH,normal,1,1,1,2,610.0,610.0,610.0
TX_000238,2026-03-04 07:42:39,wallet_004,wallet_081,1.26264225,0.00394332,0.00312307,P2PKH,normal,4,4,4,8,1230.75,719.0,1843.0
TX_000239,2026-03-04 08:29:43,wallet_021,wallet_040,0.28369978,0.00084411,0.00297536,P2SH,normal,5,5,5,10,921.2,552.0,1661.0
TX_000240,2026-03-04 09:00:30,wallet_012,wallet_029,0.01648938,0.00013182,0.00799424,P2WPKH,normal,4,4,4,8,1025.0,428.0,1560.0
TX_000241,2026-03-04 09:10:46,wallet_060,wallet_016,0.72459446,0.00242216,0.00334278,P2PKH,normal,4,4,4,8,1321.0,585.0,2166.0
TX_000242,2026-03-04 10:10:39,wallet_092,wallet_038,0.33182109,0.00091057,0.00274416,P2PKH,normal,2,2,2,4,439.0,93.0,785.0
TX_000243,2026-03-04 10:13:59,wallet_062,wallet_061,0.21922385,0.00033374,0.00152237,P2SH,normal,1,1,1,2,139.0,139.0,139.0
TX_000244,2026-03-04 10:20:07,wallet_050,wallet_025,0.58023999,0.00272906,0.00470333,P2SH,normal,3,3,3,6,768.33,582.0,938.0
TX_000245,2026-03-04 10:32:34,wallet_018,wallet_009,0.22147646,0.00037194,0.00167937,P2SH,normal,4,4,4,8,1244.75,720.0,1766.0
TX_000246,2026-03-04 10:40:42,wallet_054,wallet_044,0.36194725,0.00174312,0.00481595,P2SH,normal,3,2,3,5,618.67,368.0,933.0
TX_000247,2026-03-04 11:00:56,wallet_001,wallet_037,0.19253187,0.00075421,0.00391733,P2WPKH,normal,1,1,1,2,242.0,242.0,242.0
TX_000248,2026-03-04 11:03:51,wallet_075,wallet_085,0.20385132,0.00055947,0.0027445,P2PKH,normal,5,4,5,9,1590.2,432.0,2468.0
TX_000249,2026-03-04 11:06:45,wallet_069,wallet_062,0.05951646,0.0001566,0.0026312,P2SH,normal,4,4,4,8,1135.75,567.0,1713.0
TX_000250,2026-03-04 11:15:23,wallet_070,wallet_049,0.40059991,0.00098387,0.00245599,P2PKH,normal,4,4,4,8,643.75,100.0,1140.0
TX_000251,2026-03-04 12:00:58,wallet_025,wallet_090,2.62770576,0.00338757,0.00128917,P2PKH,normal,5,5,5,9,1079.8,362.0,1871.0
TX_000252,2026-03-04 12:04:54,wallet_100,wallet_053,0.15209773,9.774e-05,0.00064261,P2SH,normal,4,4,4,8,1111.25,115.0,2079.0
TX_000253,2026-03-04 12:09:20,wallet_091,wallet_049,0.08386064,0.00021703,0.00258798,P2SH,normal,1,1,1,2,721.0,721.0,721.0
TX_000254,2026-03-04 12:11:21,wallet_084,wallet_020,0.11408282,0.0003383,0.00296539,P2PKH,normal,4,4,3,7,1034.75,86.0,1904.0
TX_000255,2026-03-04 12:14:05,wallet_065,wallet_076,0.03991885,0.00011893,0.00297929,P2PKH,normal,3,3,3,6,1393.33,792.0,1876.0
TX_000256,2026-03-04 12:23:18,wallet_057,wallet_013,0.17731289,0.0005247,0.00295918,P2PKH,normal,3,3,3,6,1010.67,524.0,1340.0
TX_000257,2026-03-04 12:37:28,wallet_093,wallet_019,0.19743627,0.00046637,0.00236213,P2SH,normal,2,2,2,4,288.0,190.0,386.0
TX_000258,2026-03-04 13:09:45,wallet_020,wallet_010,0.2347019,0.0006134,0.00261353,P2WPKH,normal,4,4,4,7,576.5,390.0,806.0
TX_000259,2026-03-04 13:29:41,wallet_044,wallet_080,0.61978981,0.0022157,0.00357492,P2SH,normal,4,4,4,8,878.0,489.0,1292.0
TX_000260,2026-03-04 13:57:26,wallet_043,wallet_087,0.10598725,0.00050689,0.00478256,P2PKH,normal,1,1,1,2,442.0,442.0,442.0
TX_000261,2026-03-04 14:01:40,wallet_041,wallet_081,0.11570218,0.00046904,0.00405386,P2SH,normal,1,1,1,2,355.0,355.0,355.0
TX_000262,2026-03-04 14:15:05,wallet_070,wallet_005,0.05111564,0.00020976,0.00410364,P2PKH,normal,2,2,2,4,631.5,400.0,863.0
TX_000263,2026-03-04 14:34:30,wallet_088,wallet_037,0.10520662,0.00057471,0.00546268,P2SH,normal,2,2,2,4,655.0,266.0,1044.0
TX_000264,2026-03-04 15:02:11,wallet_056,wallet_013,0.01607394,0.0001115,0.00693669,P2SH,normal,5,5,5,10,1754.4,688.0,2779.0
TX_000265,2026-03-04 15:03:05,wallet_013,wallet_057,0.61982538,0.00061726,0.00099586,P2PKH,normal,2,2,2,4,557.0,478.0,636.0
TX_000266,2026-03-04 15:48:21,wallet_004,wallet_006,0.06818552,0.0001652,0.0024228,P2PKH,normal,5,5,5,10,738.0,256.0,1171.0
TX_000267,2026-03-04 16:02:51,wallet_046,wallet_048,0.06947959,0.00020358,0.00293007,P2PKH,normal,1,1,1,2,312.0,312.0,312.0
TX_000268,2026-03-04 16:14:52,wallet_053,wallet_073,0.24546005,0.00089458,0.0036445,P2PKH,normal,3,3,3,6,852.67,525.0,1090.0
TX_000269,2026-03-04 16:30:14,wallet_023,wallet_011,0.08436463,0.00031039,0.00367915,P2PKH,normal,2,2,2,4,601.5,386.0,817.0
TX_000270,2026-03-04 16:39:52,wallet_088,wallet_031,0.07536214,0.00024131,0.00320201,P2SH,normal,4,3,4,7,1076.5,328.0,1784.0
TX_000271,2026-03-04 16:40:26,wallet_030,wallet_060,0.06244212,0.00025142,0.00402645,P2PKH,normal,3,3,3,6,1147.67,676.0,1542.0
TX_000272,2026-03-04 16:48:32,wallet_086,wallet_002,0.10174882,0.00050834,0.00499603,P2PKH,normal,5,5,5,10,1757.6,640.0,2746.0
TX_000273,2026-03-04 16:51:15,wallet_037,wallet_087,0.28992508,0.00085551,0.0029508,P2PKH,normal,4,3,4,7,858.5,378.0,1454.0
TX_000274,2026-03-04 17:14:08,wallet_045,wallet_076,0.66542919,0.00109197,0.001641,P2WPKH,normal,4,4,4,8,1654.75,719.0,2539.0
TX_000275,2026-03-04 17:45:26,wallet_089,wallet_033,0.07817785,0.00023282,0.00297808,P2PKH,normal,4,4,4,8,1242.0,389.0,2233.0
TX_000276,2026-03-04 18:01:00,wallet_050,wallet_062,0.2222494,0.00018837,0.00084756,P2PKH,normal,1,1,1,2,218.0,218.0,218.0
TX_000277,2026-03-04 18:18:50,wallet_046,wallet_074,0.1315188,0.00025382,0.00192991,P2SH,normal,5,5,5,10,827.2,250.0,1696.0
TX_000278,2026-03-04 18:21:43,wallet_003,wallet_085,1.48950793,0.00308777,0.00207301,P2PKH,normal,4,4,4,8,1027.5,570.0,1595.0
TX_000279,2026-03-04 18:28:33,wallet_088,wallet_100,1.19110128,0.00451529,0.00379085,P2PKH,normal,5,5,5,10,2060.2,766.0,3252.0
TX_000280,2026-03-04 18:45:37,wallet_078,wallet_096,0.04634791,0.00016744,0.00361268,P2WPKH,normal,5,5,5,8,690.6,342.0,950.0
TX_000281,2026-03-04 18:54:35,wallet_037,wallet_100,0.23066914,0.000976,0.00423117,P2SH,normal,5,5,5,9,1436.6,279.0,2522.0
TX_000282,2026-03-04 19:00:09,wallet_046,wallet_029,0.25997718,0.00088698,0.00341176,P2SH,normal,5,5,5,10,1507.2,667.0,2404.0
TX_000283,2026-03-04 19:02:27,wallet_087,wallet_097,0.12876942,0.00051776,0.00402083,P2SH,normal,2,2,2,4,435.0,90.0,780.0
TX_000284,2026-03-04 19:06:07,wallet_018,wallet_081,0.10527371,0.00011065,0.00105107,P2SH,normal,5,5,4,9,1324.6,613.0,1991.0
TX_000285,2026-03-04 19:10:24,wallet_006,wallet_040,0.08255418,0.00037726,0.00456985,P2PKH,normal,1,1,1,2,167.0,167.0,167.0
TX_000286,2026-03-04 19:55:58,wallet_047,wallet_094,0.1159956,0.00013629,0.00117496,P2WPKH,normal,5,5,5,10,1337.0,686.0,1932.0
TX_000287,2026-03-04 19:57:48,wallet_042,wallet_096,0.01107227,7.365e-05,0.00665175,P2PKH,normal,2,2,2,4,866.0,736.0,996.0
TX_000288,2026-03-04 21:18:44,wallet_070,wallet_047,0.50741333,0.00142061,0.00279971,P2WPKH,normal,1,1,1,2,752.0,752.0,752.0
TX_000289,2026-03-04 21:21:16,wallet_022,wallet_033,0.35640196,0.00168191,0.00471914,P2WPKH,normal,1,1,1,2,139.0,139.0,139.0
TX_000290,2026-03-04 22:01:33,wallet_038,wallet_096,0.20151517,0.0009296,0.00461305,P2WPKH,normal,5,5,5,10,1097.6,122.0,1888.0
TX_000291,2026-03-04 22:35:41,wallet_060,wallet_010,0.09359277,0.00012391,0.00132393,P2WPKH,normal,3,3,3,6,1218.0,671.0,1586.0
TX_000292,2026-03-04 22:57:56,wallet_087,wallet_093,0.11776121,0.00045093,0.00382919,P2PKH,normal,3,3,3,6,1365.67,743.0,1995.0
TX_000293,2026-03-04 23:51:06,wallet_072,wallet_047,2.59084632,0.00145549,0.00056178,P2PKH,normal,3,3,3,6,695.67,266.0,1279.0
TX_000294,2026-03-04 23:57:50,wallet_034,wallet_069,1.55820511,0.00114945,0.00073768,P2PKH,normal,1,1,1,2,347.0,347.0,347.0
TX_000295,2026-03-05 00:27:20,wallet_096,wallet_087,0.11332807,0.00020691,0.00182576,P2PKH,normal,5,5,5,9,1288.2,548.0,2079.0
TX_000296,2026-03-05 00:38:34,wallet_082,wallet_048,0.06704065,9.23e-05,0.00137678,P2PKH,normal,2,2,2,4,988.0,779.0,1197.0
TX_000297,2026-03-05 00:52:54,wallet_004,wallet_080,0.12869074,0.00062045,0.00482125,P2SH,normal,4,4,4,8,858.0,417.0,1530.0
TX_000298,2026-03-05 01:11:55,wallet_079,wallet_029,0.154423,0.0005555,0.00359726,P2SH,normal,1,1,1,2,645.0,645.0,645.0
TX_000299,2026-03-05 01:18:53,wallet_060,wallet_090,0.05687098,0.0001399,0.00245995,P2PKH,normal,3,3,3,6,979.0,606.0,1447.0
TX_000300,2026-03-05 01:32:10,wallet_018,wallet_006,0.30767575,0.00150736,0.00489918,P2PKH,normal,1,1,1,2,728.0,728.0,728.0
TX_000301,2026-03-05 01:47:32,wallet_064,wallet_015,0.18669823,0.00015758,0.00084404,P2WPKH,normal,2,2,2,4,778.5,506.0,1051.0
TX_000302,2026-03-05 01:50:35,wallet_018,wallet_050,0.13683873,0.00036786,0.00268827,P2SH,normal,2,2,2,4,244.5,114.0,375.0
TX_000303,2026-03-05 01:52:03,wallet_096,wallet_090,0.10835283,0.00056308,0.00519673,P2PKH,normal,4,4,4,8,1030.5,97.0,2032.0
TX_000304,2026-03-05 02:15:05,wallet_096,wallet_094,0.55560443,0.00052624,0.00094715,P2PKH,normal,2,2,2,4,849.5,578.0,1121.0
TX_000305,2026-03-05 02:43:48,wallet_013,wallet_063,0.09366723,0.00034193,0.00365048,P2WPKH,normal,2,2,2,4,248.5,128.0,369.0
TX_000306,2026-03-05 02:54:34,wallet_036,wallet_005,4.1396767,0.005,0.00120782,P2PKH,normal,4,4,4,8,1192.0,388.0,2054.0
TX_000307,2026-03-05 03:03:18,wallet_057,wallet_031,0.27353523,0.00122393,0.00447449,P2PKH,normal,1,1,1,2,220.0,220.0,220.0
TX_000308,2026-03-05 03:07:27,wallet_088,wallet_048,0.24839693,0.00073753,0.00296916,P2WPKH,normal,5,4,5,9,1751.2,702.0,2908.0
TX_000309,2026-03-05 03:08:59,wallet_046,wallet_008,0.40077821,0.00087195,0.00217564,P2PKH,normal,1,1,1,2,66.0,66.0,66.0
TX_000310,2026-03-05 03:46:01,wallet_016,wallet_059,1.48610843,0.00086617,0.00058284,P2PKH,normal,5,5,4,9,1014.2,148.0,1704.0
TX_000311,2026-03-05 03:49:11,wallet_082,wallet_077,0.10932619,0.00058115,0.00531574,P2PKH,normal,4,4,4,8,989.75,440.0,1413.0
TX_000312,2026-03-05 03:52:55,wallet_043,wallet_032,0.45203043,0.00228539,0.00505583,P2SH,normal,4,4,4,8,1324.75,720.0,2223.0
TX_000313,2026-03-05 03:56:40,wallet_027,wallet_009,0.42834762,0.00183454,0.00428283,P2SH,normal,5,5,5,10,1655.8,544.0,2795.0
TX_000314,2026-03-05 04:11:38,wallet_076,wallet_028,0.77252193,0.00320495,0.00414868,P2PKH,normal,1,1,1,2,143.0,143.0,143.0
TX_000315,2026-03-05 04:20:41,wallet_100,wallet_019,0.16133957,0.00068961,0.00427428,P2SH,normal,3,3,3,6,804.0,277.0,1398.0
TX_000316,2026-03-05 04:54:46,wallet_036,wallet_019,0.69568405,0.0034859,0.00501075,P2SH,normal,2,2,2,4,1053.5,722.0,1385.0
TX_000317,2026-03-05 05:06:29,wallet_023,wallet_015,0.09909308,0.00038089,0.00384376,P2PKH,normal,1,1,1,2,418.0,418.0,418.0
TX_000318,2026-03-05 05:13:49,wallet_002,wallet_046,0.01535374,0.00011097,0.00722755,P2PKH,normal,3,3,3,6,742.67,459.0,1055.0
TX_000319,2026-03-05 05:41:31,wallet_042,wallet_003,0.0334969,8.195e-05,0.0024465,P2PKH,normal,3,3,3,6,524.33,281.0,957.0
TX_000320,2026-03-05 06:27:39,wallet_095,wallet_054,0.22747023,0.00065912,0.00289761,P2SH,normal,1,1,1,2,575.0,575.0,575.0
TX_000321,2026-03-05 06:37:30,wallet_061,wallet_058,0.65109025,0.00259725,0.00398908,P2SH,normal,4,4,4,8,1414.5,626.0,1972.0
TX_000322,2026-03-05 06:57:14,wallet_014,wallet_058,0.25025986,0.00069287,0.0027686,P2WPKH,normal,1,1,1,2,767.0,767.0,767.0
TX_000323,2026-03-05 06:59:53,wallet_006,wallet_094,0.27205072,0.00112128,0.00412158,P2WPKH,normal,3,3,3,6,390.33,127.0,644.0
TX_000324,2026-03-05 07:08:12,wallet_067,wallet_039,0.44163303,0.00108537,0.00245763,P2WPKH,normal,2,2,2,4,662.5,321.0,1004.0
TX_000325,2026-03-05 07:11:21,wallet_008,wallet_062,0.41117093,0.0017982,0.00437336,P2PKH,normal,1,1,1,2,742.0,742.0,742.0
TX_000326,2026-03-05 07:26:45,wallet_014,wallet_063,0.9967976,0.00362927,0.00364093,P2PKH,normal,5,4,5,9,1088.8,93.0,2003.0
TX_000327,2026-03-05 08:11:46,wallet_011,wallet_042,0.12432278,0.000433,0.00348287,P2PKH,normal,5,5,5,10,1448.8,521.0,2479.0
TX_000328,2026-03-05 08:19:24,wallet_036,wallet_080,0.36225194,0.00120996,0.00334011,P2SH,normal,4,4,4,8,908.75,336.0,1441.0
TX_000329,2026-03-05 08:25:16,wallet_042,wallet_049,1.36577984,0.005,0.00366091,P2SH,normal,2,2,2,4,873.5,695.0,1052.0
TX_000330,2026-03-05 09:07:18,wallet_059,wallet_065,0.36147636,0.0011585,0.00320491,P2PKH,normal,2,2,2,4,185.0,111.0,259.0
TX_000331,2026-03-05 09:15:50,wallet_090,wallet_015,1.04536902,0.0045228,0.00432651,P2SH,normal,3,3,3,6,977.33,623.0,1512.0
TX_000332,2026-03-05 09:19:14,wallet_099,wallet_071,0.13086813,0.00052533,0.00401419,P2PKH,normal,3,3,3,6,786.0,382.0,1087.0
TX_000333,2026-03-05 09:24:36,wallet_058,wallet_030,0.70936887,0.00155931,0.00219817,P2WPKH,normal,5,5,5,9,1537.8,635.0,2311.0
TX_000334,2026-03-05 09:45:15,wallet_052,wallet_054,0.71768031,0.00268755,0.00374477,P2PKH,normal,1,1,1,2,265.0,265.0,265.0
TX_000335,2026-03-05 10:09:05,wallet_041,wallet_086,0.03147185,9.245e-05,0.00293755,P2WPKH,normal,4,4,4,8,1062.5,611.0,1698.0
TX_000336,2026-03-05 10:17:44,wallet_088,wallet_061,0.31259626,0.00018409,0.00058891,P2WPKH,normal,2,2,2,4,347.5,79.0,616.0
TX_000337,2026-03-05 10:21:54,wallet_012,wallet_056,0.27381928,0.00020694,0.00075575,P2SH,normal,2,2,2,4,1114.5,764.0,1465.0
TX_000338,2026-03-05 10:32:18,wallet_017,wallet_072,0.60815742,0.00028956,0.00047613,P2WPKH,normal,5,5,5,9,1047.8,282.0,2031.0
TX_000339,2026-03-05 10:44:51,wallet_072,wallet_043,0.27710383,0.00098746,0.0035635,P2PKH,normal,5,5,4,8,1121.0,432.0,2097.0
TX_000340,2026-03-05 11:03:55,wallet_086,wallet_097,5.32432477,0.005,0.00093909,P2WPKH,normal,2,2,2,4,510.0,346.0,674.0
TX_000341,2026-03-05 11:04:26,wallet_007,wallet_037,1.89382074,0.005,0.00264017,P2PKH,normal,1,1,1,2,205.0,205.0,205.0
TX_000342,2026-03-05 11:55:44,wallet_074,wallet_065,0.4530873,0.00056762,0.00125278,P2SH,normal,1,1,1,2,338.0,338.0,338.0
TX_000343,2026-03-05 12:20:28,wallet_029,wallet_014,0.30128239,0.000597,0.00198153,P2SH,normal,2,2,2,4,382.0,142.0,622.0
TX_000344,2026-03-05 12:39:17,wallet_015,wallet_098,0.05682918,0.00013325,0.00234475,P2PKH,normal,1,1,1,2,388.0,388.0,388.0
TX_000345,2026-03-05 12:50:29,wallet_055,wallet_072,0.27822087,0.0014064,0.00505498,P2WPKH,normal,4,3,3,6,525.5,123.0,817.0
TX_000346,2026-03-05 13:42:36,wallet_079,wallet_087,0.25160737,0.00086753,0.00344795,P2PKH,normal,2,2,2,4,881.0,534.0,1228.0
TX_000347,2026-03-05 13:54:45,wallet_085,wallet_089,4.69467704,0.005,0.00106504,P2PKH,normal,3,3,3,6,829.0,253.0,1283.0
TX_000348,2026-03-05 14:05:05,wallet_090,wallet_098,0.41842534,0.00072535,0.00173352,P2PKH,normal,1,1,1,2,93.0,93.0,93.0
TX_000349,2026-03-05 14:06:22,wallet_001,wallet_024,0.80669934,0.00356909,0.00442431,P2SH,normal,2,2,2,4,501.5,430.0,573.0
TX_000350,2026-03-05 14:06:37,wallet_052,wallet_009,0.11087402,0.00013817,0.00124619,P2SH,normal,1,1,1,2,111.0,111.0,111.0
TX_000351,2026-03-05 14:14:53,wallet_004,wallet_012,0.62045375,0.00238039,0.00383653,P2PKH,normal,1,1,1,2,178.0,178.0,178.0
TX_000352,2026-03-05 15:05:31,wallet_054,wallet_059,0.01377521,7.439e-05,0.00540028,P2PKH,normal,3,2,3,5,1034.0,499.0,1688.0
TX_000353,2026-03-05 15:14:11,wallet_093,wallet_042,1.02444464,0.00405199,0.0039553,P2SH,normal,4,4,4,8,873.25,244.0,1495.0
TX_000354,2026-03-05 15:26:23,wallet_011,wallet_007,0.08356178,0.00012206,0.00146072,P2SH,normal,1,1,1,2,684.0,684.0,684.0
TX_000355,2026-03-05 15:31:38,wallet_007,wallet_087,0.05781524,7.889e-05,0.00136452,P2PKH,normal,1,1,1,2,724.0,724.0,724.0
TX_000356,2026-03-05 15:35:40,wallet_055,wallet_063,0.18658955,0.0006237,0.00334263,P2PKH,normal,4,4,4,7,1242.25,614.0,1597.0
TX_000357,2026-03-05 15:49:37,wallet_028,wallet_097,0.5858608,0.00157939,0.00269585,P2PKH,normal,4,4,4,7,1237.5,723.0,1966.0
TX_000358,2026-03-05 15:58:47,wallet_015,wallet_037,0.18476756,0.00068251,0.00369388,P2SH,normal,1,1,1,2,681.0,681.0,681.0
TX_000359,2026-03-05 16:16:19,wallet_068,wallet_086,0.06583323,0.00015607,0.00237069,P2PKH,normal,3,3,3,5,560.33,129.0,1137.0
TX_000360,2026-03-05 17:21:24,wallet_077,wallet_008,0.41478423,0.0001071,0.00025821,P2PKH,normal,5,5,4,9,1545.4,475.0,2456.0
TX_000361,2026-03-05 17:24:47,wallet_028,wallet_099,0.08552619,0.00011606,0.00135701,P2PKH,normal,3,3,3,5,1233.67,673.0,1742.0
TX_000362,2026-03-05 19:20:18,wallet_042,wallet_016,0.18315128,7.525e-05,0.00041086,P2SH,normal,1,1,1,2,580.0,580.0,580.0
TX_000363,2026-03-05 19:34:25,wallet_023,wallet_017,0.09895605,0.00024425,0.00246827,P2SH,normal,2,2,2,4,578.5,269.0,888.0
TX_000364,2026-03-05 20:02:18,wallet_065,wallet_072,0.2669067,0.00116659,0.00437078,P2WPKH,normal,4,4,4,8,1168.0,414.0,1994.0
TX_000365,2026-03-05 20:07:10,wallet_010,wallet_051,0.19440478,0.00089034,0.00457983,P2PKH,normal,5,4,5,9,1307.0,147.0,2497.0
TX_000366,2026-03-05 20:11:33,wallet_003,wallet_059,0.26875474,0.00128995,0.00479973,P2WPKH,normal,2,2,2,4,525.5,206.0,845.0
TX_000367,2026-03-05 20:12:27,wallet_074,wallet_055,4.87398661,0.005,0.00102585,P2SH,normal,4,3,4,7,693.0,201.0,1406.0
TX_000368,2026-03-05 20:13:58,wallet_054,wallet_038,0.05909994,8.926e-05,0.00151032,P2PKH,normal,5,4,5,9,1068.2,250.0,1691.0
TX_000369,2026-03-05 20:44:00,wallet_042,wallet_022,1.18092582,0.00480497,0.00406882,P2SH,normal,4,3,4,7,1118.25,688.0,1764.0
TX_000370,2026-03-05 20:55:47,wallet_089,wallet_047,0.00917547,5.488e-05,0.00598116,P2WPKH,normal,1,1,1,2,362.0,362.0,362.0
TX_000371,2026-03-05 21:06:11,wallet_032,wallet_056,0.0543107,0.00021214,0.00390604,P2SH,normal,5,5,5,10,1533.0,266.0,2742.0
TX_000372,2026-03-05 21:10:21,wallet_051,wallet_040,0.28491687,0.0011197,0.00392992,P2PKH,normal,3,3,3,6,673.0,160.0,1260.0
TX_000373,2026-03-05 21:50:05,wallet_100,wallet_022,0.18640127,0.0001384,0.00074248,P2SH,normal,4,4,4,7,1262.75,624.0,1785.0
TX_000374,2026-03-05 21:56:33,wallet_068,wallet_066,0.42034382,0.00049141,0.00116907,P2SH,normal,3,3,3,6,859.0,446.0,1286.0
TX_000375,2026-03-05 22:17:22,wallet_045,wallet_094,0.14452986,0.00074306,0.00514122,P2SH,normal,5,5,5,9,1163.2,206.0,2354.0
TX_000376,2026-03-05 22:20:55,wallet_019,wallet_031,0.20525385,0.00017392,0.00084734,P2PKH,normal,1,1,1,2,238.0,238.0,238.0
TX_000377,2026-03-05 22:46:15,wallet_023,wallet_078,0.20047506,0.00022022,0.00109849,P2SH,normal,4,4,4,8,1062.0,471.0,1675.0
TX_000378,2026-03-05 22:51:26,wallet_010,wallet_023,0.23130464,0.00115132,0.0049775,P2SH,normal,4,4,4,8,635.75,187.0,901.0
TX_000379,2026-03-05 22:56:51,wallet_060,wallet_097,0.2512002,0.00076901,0.00306134,P2SH,normal,2,2,2,4,636.0,259.0,1013.0
TX_000380,2026-03-05 23:00:57,wallet_088,wallet_073,0.19082201,0.0006703,0.0035127,P2WPKH,normal,1,1,1,2,672.0,672.0,672.0
TX_000381,2026-03-05 23:22:16,wallet_042,wallet_081,0.14648711,0.00029157,0.00199041,P2PKH,normal,5,5,4,9,1690.8,658.0,2681.0
TX_000382,2026-03-05 23:28:00,wallet_061,wallet_057,0.16947341,0.00059126,0.00348881,P2SH,normal,3,3,3,6,1367.33,677.0,2037.0
TX_000383,2026-03-05 23:53:47,wallet_076,wallet_008,0.29569771,0.00058951,0.00199362,P2PKH,normal,3,3,3,5,1283.0,511.0,2048.0
TX_000384,2026-03-06 00:04:04,wallet_060,wallet_058,0.30219179,0.00013591,0.00044975,P2PKH,normal,1,1,1,2,143.0,143.0,143.0
TX_000385,2026-03-06 00:26:17,wallet_037,wallet_010,0.10140022,0.00038045,0.00375196,P2WPKH,normal,1,1,1,2,586.0,586.0,586.0
TX_000386,2026-03-06 01:11:46,wallet_012,wallet_079,0.0724523,0.00026815,0.00370106,P2PKH,normal,4,4,4,8,1153.75,94.0,2104.0
TX_000387,2026-03-06 01:12:11,wallet_075,wallet_071,0.03008481,0.00019368,0.0064378,P2SH,normal,2,2,2,4,536.5,257.0,816.0
TX_000388,2026-03-06 01:56:59,wallet_006,wallet_058,1.85451707,0.005,0.00269612,P2SH,normal,4,4,4,8,1024.75,293.0,1606.0
TX_000389,2026-03-06 02:31:09,wallet_025,wallet_042,0.05029742,0.00020414,0.00405866,P2SH,normal,1,1,1,2,733.0,733.0,733.0
TX_000390,2026-03-06 02:40:52,wallet_008,wallet_058,0.08377954,0.00010087,0.00120399,P2WPKH,normal,1,1,1,2,100.0,100.0,100.0
TX_000391,2026-03-06 02:58:52,wallet_044,wallet_092,0.5530106,0.00033381,0.00060362,P2SH,normal,3,2,3,5,1229.67,675.0,1697.0
TX_000392,2026-03-06 03:09:33,wallet_006,wallet_032,0.04094076,0.00019605,0.00478863,P2WPKH,normal,5,5,5,9,1307.8,116.0,2761.0
TX_000393,2026-03-06 03:25:46,wallet_068,wallet_067,0.0272102,0.00013403,0.00492573,P2PKH,normal,3,3,3,6,810.33,315.0,1175.0
TX_000394,2026-03-06 04:25:14,wallet_037,wallet_050,0.11602998,0.00029401,0.00253391,P2PKH,normal,1,1,1,2,74.0,74.0,74.0
TX_000395,2026-03-06 04:54:14,wallet_077,wallet_007,0.71618786,0.00289127,0.00403703,P2SH,normal,2,2,2,4,991.5,680.0,1303.0
TX_000396,2026-03-06 05:26:34,wallet_009,wallet_043,0.21499298,0.00017106,0.00079565,P2SH,normal,3,3,3,6,697.0,310.0,1090.0
TX_000397,2026-03-06 05:37:48,wallet_037,wallet_033,2.96325239,0.005,0.00168734,P2SH,normal,2,2,2,4,743.5,388.0,1099.0
TX_000398,2026-03-06 05:43:55,wallet_078,wallet_020,0.49992797,0.00091661,0.00183348,P2SH,normal,5,5,5,10,963.4,393.0,1627.0
TX_000399,2026-03-06 05:47:05,wallet_019,wallet_045,0.04754223,0.00012702,0.00267173,P2SH,normal,4,4,4,8,888.75,241.0,1530.0
TX_000400,2026-03-06 05:53:36,wallet_085,wallet_051,0.25182545,0.0002343,0.00093041,P2SH,normal,3,3,2,5,319.67,88.0,708.0
TX_000401,2026-03-06 05:54:08,wallet_011,wallet_040,0.03157115,0.00013962,0.00442239,P2SH,normal,2,2,2,4,193.5,150.0,237.0
TX_000402,2026-03-06 06:10:27,wallet_043,wallet_017,0.43267708,0.00151399,0.00349912,P2WPKH,normal,1,1,1,2,753.0,753.0,753.0
TX_000403,2026-03-06 06:31:41,wallet_095,wallet_088,0.12707507,0.00063086,0.00496447,P2PKH,normal,1,1,1,2,155.0,155.0,155.0
TX_000404,2026-03-06 06:32:04,wallet_086,wallet_055,0.4199267,0.00113828,0.00271066,P2PKH,normal,3,3,3,6,1035.67,704.0,1366.0
TX_000405,2026-03-06 06:35:10,wallet_040,wallet_024,1.55992873,0.005,0.00320527,P2PKH,normal,5,5,5,10,1759.6,623.0,2800.0
TX_000406,2026-03-06 06:57:12,wallet_099,wallet_063,1.46901714,0.00157899,0.00107486,P2WPKH,normal,1,1,1,2,486.0,486.0,486.0
TX_000407,2026-03-06 07:01:13,wallet_020,wallet_010,0.18457087,0.00033597,0.00182028,P2SH,normal,3,3,3,6,933.0,390.0,1388.0
TX_000408,2026-03-06 07:11:02,wallet_065,wallet_099,0.58737718,0.00166228,0.00283,P2SH,normal,2,2,2,4,580.0,197.0,963.0
TX_000409,2026-03-06 07:25:50,wallet_068,wallet_005,0.14695693,0.00054134,0.00368366,P2WPKH,normal,1,1,1,2,116.0,116.0,116.0
TX_000410,2026-03-06 07:44:29,wallet_080,wallet_017,0.28316374,0.000907,0.00320309,P2PKH,normal,2,2,2,4,571.5,339.0,804.0
TX_000411,2026-03-06 07:50:16,wallet_024,wallet_089,0.03583543,0.00018898,0.00527355,P2WPKH,normal,1,1,1,2,359.0,359.0,359.0
TX_000412,2026-03-06 07:59:13,wallet_022,wallet_093,0.08559513,0.00024213,0.00282878,P2PKH,normal,2,2,2,4,743.5,685.0,802.0
TX_000413,2026-03-06 08:24:46,wallet_087,wallet_093,0.44430694,0.00061156,0.00137644,P2PKH,normal,4,4,4,8,1568.75,630.0,2255.0
TX_000414,2026-03-06 08:37:51,wallet_037,wallet_097,0.0272068,0.00015251,0.00560558,P2PKH,normal,5,5,5,9,1358.4,438.0,2371.0
TX_000415,2026-03-06 08:59:48,wallet_069,wallet_031,0.25016989,0.00045437,0.00181625,P2WPKH,normal,3,3,3,6,582.67,141.0,1115.0
TX_000416,2026-03-06 09:04:48,wallet_061,wallet_025,0.27660747,0.00057622,0.00208317,P2WPKH,normal,4,4,4,8,1490.25,769.0,2188.0
TX_000417,2026-03-06 09:05:36,wallet_057,wallet_060,0.4625874,0.00184033,0.00397834,P2SH,normal,2,2,2,4,461.0,187.0,735.0
TX_000418,2026-03-06 09:06:49,wallet_065,wallet_068,0.03604396,0.00012755,0.00353873,P2PKH,normal,4,4,4,8,1242.25,516.0,2110.0
TX_000419,2026-03-06 09:20:42,wallet_026,wallet_078,0.02937919,7.286e-05,0.00247999,P2PKH,normal,5,4,5,8,1564.8,640.0,2431.0
TX_000420,2026-03-06 09:50:20,wallet_083,wallet_062,0.72945809,0.00324734,0.00445172,P2SH,normal,5,5,5,10,1085.0,643.0,1806.0
TX_000421,2026-03-06 09:52:45,wallet_014,wallet_092,0.27687601,0.0012253,0.00442545,P2WPKH,normal,5,4,5,9,650.2,102.0,1512.0
TX_000422,2026-03-06 10:06:36,wallet_037,wallet_011,0.14929624,0.00062319,0.00417418,P2PKH,normal,2,2,2,4,612.0,317.0,907.0
TX_000423,2026-03-06 10:30:05,wallet_066,wallet_019,0.03440536,0.00019354,0.00562529,P2PKH,normal,2,2,2,4,807.0,557.0,1057.0
TX_000424,2026-03-06 11:04:26,wallet_029,wallet_058,0.13800607,0.00066201,0.00479696,P2WPKH,normal,3,3,3,5,653.33,105.0,1225.0
TX_000425,2026-03-06 11:36:43,wallet_054,wallet_007,0.06048638,0.00017355,0.00286924,P2PKH,normal,2,2,2,4,813.5,593.0,1034.0
TX_000426,2026-03-06 11:54:43,wallet_050,wallet_011,0.68070858,0.00136858,0.00201052,P2PKH,normal,5,5,5,10,1849.8,702.0,3247.0
TX_000427,2026-03-06 12:03:50,wallet_013,wallet_092,0.04581162,0.00020048,0.00437618,P2SH,normal,5,5,5,10,670.8,156.0,1248.0
TX_000428,2026-03-06 12:19:36,wallet_018,wallet_005,0.17007866,0.00030609,0.0017997,P2WPKH,normal,2,2,2,4,475.5,309.0,642.0
TX_000429,2026-03-06 13:01:01,wallet_090,wallet_018,0.59454327,0.00232016,0.00390242,P2PKH,normal,1,1,1,2,333.0,333.0,333.0
TX_000430,2026-03-06 13:22:41,wallet_079,wallet_001,0.46878753,0.00217769,0.00464537,P2PKH,normal,1,1,1,2,314.0,314.0,314.0
TX_000431,2026-03-06 13:46:25,wallet_028,wallet_020,0.12944578,0.00041104,0.00317538,P2SH,normal,2,2,2,4,975.5,674.0,1277.0
TX_000432,2026-03-06 14:00:01,wallet_068,wallet_055,0.47688971,0.00035751,0.00074967,P2PKH,normal,1,1,1,2,502.0,502.0,502.0
TX_000433,2026-03-06 14:05:11,wallet_039,wallet_016,0.59581902,0.00024899,0.0004179,P2PKH,normal,1,1,1,2,635.0,635.0,635.0
TX_000434,2026-03-06 14:06:02,wallet_080,wallet_059,0.26200733,0.00015683,0.00059857,P2WPKH,normal,4,4,4,7,681.0,202.0,1167.0
TX_000435,2026-03-06 14:30:06,wallet_064,wallet_077,0.38135205,0.00108982,0.00285778,P2SH,normal,4,4,4,8,700.5,174.0,1162.0
TX_000436,2026-03-06 15:41:06,wallet_074,wallet_031,0.17274706,0.00067549,0.00391028,P2PKH,normal,3,3,3,6,1309.0,762.0,1706.0
TX_000437,2026-03-06 16:39:00,wallet_001,wallet_079,0.86492137,0.00163177,0.00188661,P2SH,normal,1,1,1,2,603.0,603.0,603.0
TX_000438,2026-03-06 17:16:23,wallet_024,wallet_086,0.20260461,0.00073364,0.00362104,P2SH,normal,4,3,4,7,1067.0,66.0,1775.0
TX_000439,2026-03-06 17:24:14,wallet_047,wallet_009,0.04132896,0.00024721,0.00598152,P2SH,normal,2,2,2,4,598.0,550.0,646.0
TX_000440,2026-03-06 17:26:58,wallet_065,wallet_071,0.40707412,0.00013127,0.00032247,P2WPKH,normal,1,1,1,2,364.0,364.0,364.0
TX_000441,2026-03-06 17:28:44,wallet_006,wallet_082,0.06386512,0.00017746,0.00277867,P2PKH,normal,1,1,1,2,158.0,158.0,158.0
TX_000442,2026-03-06 17:54:42,wallet_096,wallet_003,1.03408005,0.0019628,0.00189811,P2PKH,normal,2,2,2,4,861.0,486.0,1236.0
TX_000443,2026-03-06 17:56:13,wallet_031,wallet_094,0.36607556,0.0012653,0.00345639,P2PKH,normal,2,2,2,4,261.0,96.0,426.0
TX_000444,2026-03-06 18:27:39,wallet_075,wallet_095,0.02202402,0.00013386,0.00607791,P2PKH,normal,3,3,3,6,762.0,616.0,868.0
TX_000445,2026-03-06 18:35:29,wallet_046,wallet_070,0.63211624,0.00116182,0.00183798,P2SH,normal,1,1,1,2,773.0,773.0,773.0
TX_000446,2026-03-06 18:54:47,wallet_100,wallet_088,0.31337292,0.00079478,0.00253621,P2SH,normal,4,4,4,8,1744.75,758.0,2777.0
TX_000447,2026-03-06 19:00:15,wallet_081,wallet_024,0.52522923,0.00219101,0.00417153,P2PKH,normal,1,1,1,2,621.0,621.0,621.0
TX_000448,2026-03-06 19:32:29,wallet_100,wallet_059,0.23608123,0.00011639,0.00049301,P2PKH,normal,5,4,5,8,1225.2,420.0,1830.0
TX_000449,2026-03-06 21:36:17,wallet_026,wallet_006,0.96831788,0.00164426,0.00169806,P2PKH,normal,4,4,4,8,583.0,94.0,1338.0
TX_000450,2026-03-06 21:46:43,wallet_051,wallet_070,0.09826198,0.00028776,0.0029285,P2PKH,normal,1,1,1,2,292.0,292.0,292.0
