timestamp,txid,input_wallet,output_wallet,amount,fee,script_type,pattern_label
2026-03-01 00:09:33,TX_000001,wallet_082,wallet_015,0.05876222,6.308e-05,P2PKH,normal
2026-03-01 00:13:06,TX_000002,wallet_029,wallet_018,0.32715625,0.00126333,P2SH,normal
2026-03-01 00:14:27,TX_000003,wallet_070,wallet_012,0.31187574,0.00098357,P2PKH,normal
2026-03-01 00:39:14,TX_000004,wallet_012,wallet_028,0.75022534,0.00098031,P2SH,normal
2026-03-01 00:39:48,TX_000005,wallet_072,wallet_026,0.11113009,0.00045101,P2SH,normal
2026-03-01 00:44:01,TX_000006,wallet_054,wallet_029,0.11881308,0.0003234,P2PKH,normal
2026-03-01 00:51:26,TX_000007,wallet_001,wallet_098,0.00970554,8.929e-05,P2SH,normal
2026-03-01 00:58:29,TX_000008,wallet_044,wallet_036,0.6979859,0.00065156,P2WPKH,normal
2026-03-01 01:17:34,TX_000009,wallet_044,wallet_014,0.1334998,0.00012402,P2PKH,normal
2026-03-01 01:26:51,TX_000010,wallet_045,wallet_078,0.09154833,0.00017782,P2PKH,normal
2026-03-01 01:39:11,TX_000011,wallet_059,wallet_069,0.10483475,0.00012461,P2WPKH,normal
2026-03-01 01:53:47,TX_000012,wallet_011,wallet_071,0.45715378,0.00075245,P2SH,normal
2026-03-01 01:58:00,TX_000454,wallet_072,wallet_026,887.62157421,0.03536492,P2SH,high_value_anomaly
2026-03-01 02:11:54,TX_000013,wallet_047,wallet_074,0.25837662,0.00031928,P2PKH,normal
2026-03-01 02:15:48,TX_000014,wallet_085,wallet_030,0.12020907,0.00051738,P2WPKH,normal
2026-03-01 02:17:18,TX_000015,wallet_030,wallet_013,0.10857603,0.00026309,P2PKH,normal
2026-03-01 02:19:31,TX_000016,wallet_047,wallet_021,0.6955362,0.00138118,P2PKH,normal
2026-03-01 02:42:44,TX_000017,wallet_035,wallet_090,0.06548968,0.00035712,P2SH,normal
2026-03-01 02:56:34,TX_000018,wallet_078,wallet_082,0.18376335,0.00022248,P2SH,normal
2026-03-01 02:57:25,TX_000019,wallet_021,wallet_060,0.16942574,0.00038196,P2WPKH,normal
2026-03-01 03:19:18,TX_000020,wallet_082,wallet_089,0.3560154,0.00105719,P2SH,normal
2026-03-01 03:26:56,TX_000021,wallet_099,wallet_100,6.25871974,0.00239136,P2WPKH,normal
2026-03-01 03:31:11,TX_000022,wallet_041,wallet_052,0.93460404,0.0013696,P2PKH,normal
2026-03-01 04:41:12,TX_000023,wallet_073,wallet_092,0.29006971,0.00052627,P2SH,normal
2026-03-01 05:32:00,TX_000459,wallet_071,wallet_038,1012.34513068,0.03130747,P2SH,high_value_anomaly
2026-03-01 05:32:21,TX_000024,wallet_051,wallet_083,0.64282243,0.00155959,P2PKH,normal
2026-03-01 05:34:22,TX_000025,wallet_032,wallet_096,0.06647679,0.00023951,P2PKH,normal
2026-03-01 05:36:00,TX_000461,wallet_030,wallet_013,518.13884754,0.0232171,P2SH,high_value_anomaly
2026-03-01 05:40:51,TX_000026,wallet_075,wallet_055,0.03337484,0.00020016,P2PKH,normal
2026-03-01 06:16:18,TX_000027,wallet_029,wallet_018,0.04433354,0.00016512,P2PKH,normal
2026-03-01 06:32:06,TX_000028,wallet_007,wallet_015,0.07755953,0.00011584,P2PKH,normal
2026-03-01 06:35:18,TX_000029,wallet_088,wallet_055,0.44867672,0.00140608,P2PKH,normal
2026-03-01 07:01:34,TX_000030,wallet_077,wallet_060,0.64745768,0.00179338,P2WPKH,normal
2026-03-01 07:08:00,TX_000457,wallet_012,wallet_049,206.38801452,0.04252722,P2WPKH,high_value_anomaly
2026-03-01 07:31:14,TX_000031,wallet_002,wallet_088,0.17401756,0.00068195,P2SH,normal
2026-03-01 07:33:51,TX_000032,wallet_069,wallet_097,0.10559198,0.00019861,P2SH,normal
2026-03-01 08:13:47,TX_000033,wallet_015,wallet_038,0.03652406,0.00013146,P2PKH,normal
2026-03-01 08:15:15,TX_000034,wallet_093,wallet_034,0.83491644,0.00410957,P2SH,normal
2026-03-01 08:22:51,TX_000035,wallet_065,wallet_014,0.91911835,0.00406245,P2PKH,normal
2026-03-01 08:43:18,TX_000036,wallet_082,wallet_065,0.07593713,0.00028419,P2PKH,normal
2026-03-01 09:27:06,TX_000037,wallet_098,wallet_021,0.06422287,0.00022616,P2SH,normal
2026-03-01 09:52:14,TX_000038,wallet_068,wallet_001,0.20372902,0.00066828,P2PKH,normal
2026-03-01 10:21:00,TX_000039,wallet_015,wallet_047,1.34248329,0.005,P2WPKH,normal
2026-03-01 10:34:46,TX_000040,wallet_040,wallet_031,0.33481321,0.00017851,P2WPKH,normal
2026-03-01 10:49:43,TX_000041,wallet_011,wallet_094,0.13829502,0.00039316,P2PKH,normal
2026-03-01 10:52:10,TX_000042,wallet_098,wallet_069,0.20741433,0.00084908,P2PKH,normal
2026-03-01 10:52:58,TX_000043,wallet_061,wallet_071,0.0406604,8.697e-05,P2SH,normal
2026-03-01 11:03:00,TX_000487,wallet_082,wallet_015,112.29374029,0.0001,P2WPKH,peeling_chain
2026-03-01 11:03:04,TX_000488,wallet_082,wallet_034,5.37600845,0.0001,P2PKH,peeling_chain
2026-03-01 11:07:20,TX_000044,wallet_078,wallet_055,0.77957213,0.00381173,P2WPKH,normal
2026-03-01 11:08:00,TX_000489,wallet_015,wallet_004,111.03676124,0.0001,P2PKH,peeling_chain
2026-03-01 11:08:05,TX_000490,wallet_015,wallet_031,1.25677905,0.0001,P2WPKH,peeling_chain
2026-03-01 11:13:00,TX_000491,wallet_004,wallet_095,109.8083349,0.0001,P2WPKH,peeling_chain
2026-03-01 11:13:05,TX_000492,wallet_004,wallet_020,1.22822634,0.0001,P2SH,peeling_chain
2026-03-01 11:16:00,TX_000462,wallet_048,wallet_046,330.45773385,0.01408191,P2WPKH,high_value_anomaly
2026-03-01 11:19:00,TX_000464,wallet_060,wallet_049,396.94260946,0.04634417,P2WPKH,high_value_anomaly
2026-03-01 11:24:00,TX_000493,wallet_095,wallet_036,107.74180284,0.0001,P2SH,peeling_chain
2026-03-01 11:24:01,TX_000494,wallet_095,wallet_100,2.06633206,0.0001,P2PKH,peeling_chain
2026-03-01 11:55:07,TX_000045,wallet_097,wallet_094,0.11750202,0.00045895,P2SH,normal
2026-03-01 12:00:20,TX_000469,wallet_034,wallet_056,0.44993321,0.0001,P2SH,high_frequency_anomaly
2026-03-01 12:00:33,TX_000470,wallet_034,wallet_029,0.49868963,0.0001,P2PKH,high_frequency_anomaly
2026-03-01 12:00:51,TX_000471,wallet_034,wallet_065,0.05454561,0.0001,P2PKH,high_frequency_anomaly
2026-03-01 12:00:56,TX_000472,wallet_034,wallet_020,0.31744856,0.0001,P2WPKH,high_frequency_anomaly
2026-03-01 12:01:11,TX_000473,wallet_034,wallet_078,0.04112858,0.0001,P2SH,high_frequency_anomaly
2026-03-01 12:01:27,TX_000474,wallet_034,wallet_069,0.13319292,0.0001,P2WPKH,high_frequency_anomaly
2026-03-01 12:01:29,TX_000475,wallet_034,wallet_089,0.36315369,0.0001,P2WPKH,high_frequency_anomaly
2026-03-01 12:01:48,TX_000476,wallet_034,wallet_098,0.14074434,0.0001,P2WPKH,high_frequency_anomaly
2026-03-01 12:02:00,TX_000477,wallet_034,wallet_015,0.15381506,0.0001,P2PKH,high_frequency_anomaly
2026-03-01 12:02:16,TX_000478,wallet_034,wallet_001,0.4773698,0.0001,P2WPKH,high_frequency_anomaly
2026-03-01 12:02:26,TX_000479,wallet_034,wallet_066,0.38336148,0.0001,P2WPKH,high_frequency_anomaly
2026-03-01 12:02:31,TX_000480,wallet_034,wallet_082,0.15623795,0.0001,P2WPKH,high_frequency_anomaly
2026-03-01 12:02:49,TX_000481,wallet_034,wallet_079,0.10746644,0.0001,P2SH,high_frequency_anomaly
2026-03-01 12:02:56,TX_000482,wallet_034,wallet_071,0.47721488,0.0001,P2WPKH,high_frequency_anomaly
2026-03-01 12:02:58,TX_000483,wallet_034,wallet_078,0.16883647,0.0001,P2PKH,high_frequency_anomaly
2026-03-01 12:03:03,TX_000484,wallet_034,wallet_048,0.44057372,0.0001,P2SH,high_frequency_anomaly
2026-03-01 12:03:12,TX_000485,wallet_034,wallet_008,0.12802708,0.0001,P2WPKH,high_frequency_anomaly
2026-03-01 12:03:16,TX_000486,wallet_034,wallet_011,0.36863472,0.0001,P2PKH,high_frequency_anomaly
2026-03-01 12:23:27,TX_000046,wallet_052,wallet_086,0.03710273,0.00017186,P2PKH,normal
2026-03-01 12:28:48,TX_000047,wallet_067,wallet_058,0.17297751,0.00016986,P2PKH,normal
2026-03-01 12:32:28,TX_000048,wallet_044,wallet_003,0.13368853,0.00044875,P2PKH,normal
2026-03-01 13:25:43,TX_000049,wallet_029,wallet_001,0.40727689,0.00023241,P2SH,normal
2026-03-01 14:06:54,TX_000050,wallet_030,wallet_009,0.89567647,0.00411329,P2WPKH,normal
2026-03-01 14:39:37,TX_000051,wallet_010,wallet_066,1.15746765,0.00151561,P2SH,normal
2026-03-01 15:12:00,TX_000455,wallet_058,wallet_076,406.00977905,0.04359572,P2PKH,high_value_anomaly
2026-03-01 15:25:04,TX_000052,wallet_028,wallet_070,0.27545361,0.00025613,P2WPKH,normal
2026-03-01 15:32:53,TX_000053,wallet_074,wallet_061,0.16398895,0.00026166,P2PKH,normal
2026-03-01 15:44:11,TX_000054,wallet_053,wallet_025,0.14350422,0.00013068,P2SH,normal
2026-03-01 15:48:00,TX_000466,wallet_005,wallet_041,541.28126572,0.00424324,P2WPKH,high_value_anomaly
2026-03-01 16:18:25,TX_000055,wallet_046,wallet_055,0.00922156,6.95e-05,P2WPKH,normal
2026-03-01 16:23:36,TX_000056,wallet_007,wallet_087,0.33777393,0.00116531,P2SH,normal
2026-03-01 16:26:19,TX_000057,wallet_008,wallet_052,0.38424442,0.0014595,P2WPKH,normal
2026-03-01 16:34:17,TX_000058,wallet_014,wallet_032,0.18281637,0.00023991,P2SH,normal
2026-03-01 16:49:04,TX_000059,wallet_018,wallet_055,0.07195832,0.00012189,P2PKH,normal
2026-03-01 18:00:35,TX_000060,wallet_010,wallet_057,1.20291826,0.00493302,P2WPKH,normal
2026-03-01 18:13:00,TX_000458,wallet_006,wallet_094,605.36736764,0.00711648,P2SH,high_value_anomaly
2026-03-01 19:06:23,TX_000061,wallet_013,wallet_007,0.21821795,0.00076914,P2SH,normal
2026-03-01 19:13:42,TX_000062,wallet_002,wallet_012,0.02995061,0.00018895,P2WPKH,normal
2026-03-01 19:20:34,TX_000063,wallet_022,wallet_053,0.2522883,0.00067558,P2PKH,normal
2026-03-01 19:34:42,TX_000064,wallet_052,wallet_008,0.13277077,0.00017039,P2PKH,normal
2026-03-01 19:35:55,TX_000065,wallet_050,wallet_034,0.39585984,0.00188677,P2SH,normal
2026-03-01 19:41:33,TX_000066,wallet_037,wallet_055,0.16351765,0.00062449,P2SH,normal
2026-03-01 19:44:50,TX_000067,wallet_072,wallet_085,0.33547265,0.00126448,P2PKH,normal
2026-03-01 19:50:32,TX_000068,wallet_038,wallet_028,0.2211628,0.0011219,P2SH,normal
2026-03-01 20:13:00,TX_000069,wallet_070,wallet_008,0.08800133,0.00038133,P2PKH,normal
2026-03-01 20:39:13,TX_000070,wallet_075,wallet_062,0.56426517,0.00149676,P2WPKH,normal
2026-03-01 20:48:33,TX_000071,wallet_021,wallet_008,1.20471903,0.005,P2PKH,normal
2026-03-01 21:04:03,TX_000072,wallet_024,wallet_009,1.18624268,0.00362732,P2SH,normal
2026-03-01 21:06:06,TX_000073,wallet_031,wallet_052,0.12342532,0.00013485,P2WPKH,normal
2026-03-01 21:10:23,TX_000074,wallet_032,wallet_075,0.6755657,0.00208558,P2SH,normal
2026-03-01 21:11:22,TX_000075,wallet_054,wallet_085,1.72966188,0.005,P2SH,normal
2026-03-01 21:11:52,TX_000076,wallet_034,wallet_027,0.63654975,0.00220259,P2PKH,normal
2026-03-01 21:26:23,TX_000077,wallet_034,wallet_051,0.48621911,0.00041044,P2SH,normal
2026-03-01 21:30:22,TX_000078,wallet_059,wallet_041,0.05143439,0.00028928,P2WPKH,normal
2026-03-01 21:54:01,TX_000079,wallet_002,wallet_059,0.46984983,0.00152706,P2SH,normal
2026-03-01 21:57:08,TX_000080,wallet_013,wallet_010,0.18394383,0.00055298,P2SH,normal
2026-03-01 22:05:38,TX_000081,wallet_017,wallet_045,0.14542511,0.00069223,P2WPKH,normal
2026-03-01 22:27:22,TX_000082,wallet_048,wallet_037,0.43489361,0.00042964,P2WPKH,normal
2026-03-01 23:01:31,TX_000083,wallet_091,wallet_039,1.14644268,0.00360079,P2WPKH,normal
2026-03-01 23:07:13,TX_000084,wallet_084,wallet_068,4.69733468,0.0006998,P2WPKH,normal
2026-03-01 23:09:20,TX_000085,wallet_039,wallet_085,0.03963472,7.408e-05,P2WPKH,normal
2026-03-01 23:18:05,TX_000086,wallet_034,wallet_015,0.93134333,0.00420341,P2SH,normal
2026-03-01 23:44:08,TX_000087,wallet_020,wallet_035,0.46821346,0.00074324,P2PKH,normal
2026-03-01 23:46:03,TX_000088,wallet_044,wallet_027,0.96125549,0.00338434,P2WPKH,normal
2026-03-01 23:49:44,TX_000089,wallet_065,wallet_063,0.29274479,0.0004395,P2WPKH,normal
2026-03-01 23:50:05,TX_000090,wallet_007,wallet_012,0.61685686,0.00202887,P2WPKH,normal
2026-03-01 23:52:23,TX_000091,wallet_006,wallet_001,0.27521563,0.00052734,P2PKH,normal
2026-03-02 00:16:05,TX_000092,wallet_034,wallet_021,0.05180721,0.00024335,P2SH,normal
2026-03-02 00:37:21,TX_000093,wallet_055,wallet_072,0.53869878,0.00012939,P2PKH,normal
2026-03-02 00:42:55,TX_000094,wallet_089,wallet_020,0.07097719,0.00024685,P2WPKH,normal
2026-03-02 00:50:57,TX_000095,wallet_075,wallet_071,0.56212717,0.00051413,P2PKH,normal
2026-03-02 01:28:57,TX_000096,wallet_040,wallet_047,1.02231271,0.00465553,P2SH,normal
2026-03-02 01:50:33,TX_000097,wallet_006,wallet_046,0.07877423,0.00013897,P2PKH,normal
2026-03-02 01:59:53,TX_000098,wallet_014,wallet_046,0.26581206,0.00109267,P2WPKH,normal
2026-03-02 02:06:12,TX_000099,wallet_053,wallet_080,0.64044519,0.00246604,P2WPKH,normal
2026-03-02 02:26:18,TX_000100,wallet_031,wallet_021,0.16737585,0.00086736,P2WPKH,normal
2026-03-02 02:58:08,TX_000101,wallet_053,wallet_004,5.93760938,0.005,P2WPKH,normal
2026-03-02 03:11:51,TX_000102,wallet_053,wallet_086,0.2497034,0.00113219,P2WPKH,normal
2026-03-02 03:16:21,TX_000103,wallet_035,wallet_021,0.07025535,0.00032808,P2PKH,normal
2026-03-02 03:17:00,TX_000104,wallet_005,wallet_061,0.7208069,0.00090771,P2WPKH,normal
2026-03-02 03:37:54,TX_000105,wallet_059,wallet_045,0.19224996,0.00035672,P2SH,normal
2026-03-02 04:13:00,TX_000503,wallet_011,wallet_030,82.37887456,0.0001,P2WPKH,peeling_chain
2026-03-02 04:13:01,TX_000504,wallet_011,wallet_064,3.14799546,0.0001,P2WPKH,peeling_chain
2026-03-02 04:23:00,TX_000505,wallet_030,wallet_013,79.46253394,0.0001,P2WPKH,peeling_chain
2026-03-02 04:23:02,TX_000506,wallet_030,wallet_087,2.91614062,0.0001,P2PKH,peeling_chain
2026-03-02 04:29:00,TX_000507,wallet_013,wallet_049,77.19841389,0.0001,P2WPKH,peeling_chain
2026-03-02 04:29:05,TX_000508,wallet_013,wallet_052,2.26392005,0.0001,P2PKH,peeling_chain
2026-03-02 04:44:00,TX_000509,wallet_049,wallet_036,74.31218438,0.0001,P2PKH,peeling_chain
2026-03-02 04:44:02,TX_000510,wallet_049,wallet_023,2.88602951,0.0001,P2PKH,peeling_chain
2026-03-02 04:46:05,TX_000106,wallet_030,wallet_029,0.54248708,0.00016715,P2PKH,normal
2026-03-02 04:58:00,TX_000453,wallet_005,wallet_004,203.06476385,0.01240038,P2WPKH,high_value_anomaly
2026-03-02 05:11:00,TX_000495,wallet_090,wallet_055,57.05186623,0.0001,P2SH,peeling_chain
2026-03-02 05:11:01,TX_000496,wallet_090,wallet_029,2.61957145,0.0001,P2WPKH,peeling_chain
2026-03-02 05:14:00,TX_000497,wallet_055,wallet_044,55.4327057,0.0001,P2SH,peeling_chain
2026-03-02 05:14:01,TX_000498,wallet_055,wallet_047,1.61896053,0.0001,P2WPKH,peeling_chain
2026-03-02 05:26:00,TX_000499,wallet_044,wallet_036,54.22811203,0.0001,P2WPKH,peeling_chain
2026-03-02 05:26:03,TX_000500,wallet_044,wallet_014,1.20439367,0.0001,P2WPKH,peeling_chain
2026-03-02 05:29:00,TX_000501,wallet_036,wallet_020,53.26853302,0.0001,P2PKH,peeling_chain
2026-03-02 05:29:02,TX_000502,wallet_036,wallet_012,0.95937901,0.0001,P2SH,peeling_chain
2026-03-02 05:52:31,TX_000107,wallet_043,wallet_036,0.12964508,0.00061205,P2WPKH,normal
2026-03-02 06:02:24,TX_000108,wallet_036,wallet_045,0.5669182,0.00188866,P2PKH,normal
2026-03-02 06:40:39,TX_000109,wallet_069,wallet_043,0.07344225,0.00039534,P2PKH,normal
2026-03-02 06:57:05,TX_000110,wallet_034,wallet_023,0.12056595,0.00040505,P2WPKH,normal
2026-03-02 07:29:00,TX_000468,wallet_019,wallet_034,253.59335148,0.03750446,P2WPKH,high_value_anomaly
2026-03-02 07:52:16,TX_000111,wallet_005,wallet_014,0.47525201,0.00148678,P2PKH,normal
2026-03-02 07:54:28,TX_000112,wallet_041,wallet_056,1.85062786,0.005,P2SH,normal
2026-03-02 08:13:43,TX_000113,wallet_050,wallet_074,0.79366661,0.00086858,P2PKH,normal
2026-03-02 08:40:53,TX_000114,wallet_056,wallet_001,0.23731499,0.00067832,P2WPKH,normal
2026-03-02 09:04:55,TX_000115,wallet_088,wallet_093,0.07059403,0.00038231,P2SH,normal
2026-03-02 09:12:02,TX_000116,wallet_026,wallet_047,1.17164123,0.00264326,P2WPKH,normal
2026-03-02 09:45:20,TX_000117,wallet_043,wallet_080,0.32153108,0.00057673,P2WPKH,normal
2026-03-02 10:34:23,TX_000118,wallet_093,wallet_039,0.30381054,0.00083532,P2SH,normal
2026-03-02 10:48:52,TX_000119,wallet_042,wallet_052,1.25210683,0.00445281,P2SH,normal
2026-03-02 11:10:01,TX_000120,wallet_025,wallet_054,0.22509509,0.0008059,P2PKH,normal
2026-03-02 11:34:23,TX_000121,wallet_096,wallet_023,0.29486295,0.0009688,P2PKH,normal
2026-03-02 11:42:47,TX_000122,wallet_071,wallet_001,0.27566115,0.00048802,P2PKH,normal
2026-03-02 11:52:22,TX_000123,wallet_075,wallet_078,0.27199472,0.00094977,P2PKH,normal
2026-03-02 11:53:15,TX_000124,wallet_057,wallet_087,0.07988919,0.00014164,P2PKH,normal
2026-03-02 12:05:56,TX_000125,wallet_095,wallet_022,0.02609019,0.00013684,P2PKH,normal
2026-03-02 12:23:58,TX_000126,wallet_085,wallet_082,0.34258532,0.00112379,P2PKH,normal
2026-03-02 12:24:45,TX_000127,wallet_097,wallet_031,0.07640216,0.00030952,P2PKH,normal
2026-03-02 12:39:41,TX_000128,wallet_026,wallet_019,0.14930252,8.28e-05,P2PKH,normal
2026-03-02 13:09:14,TX_000129,wallet_061,wallet_079,0.4314911,0.00188975,P2PKH,normal
2026-03-02 13:11:11,TX_000130,wallet_054,wallet_081,0.04855558,0.00019182,P2SH,normal
2026-03-02 13:12:24,TX_000131,wallet_050,wallet_064,3.92294697,0.005,P2PKH,normal
2026-03-02 13:32:51,TX_000132,wallet_089,wallet_001,2.03826001,0.005,P2WPKH,normal
2026-03-02 13:58:54,TX_000133,wallet_014,wallet_100,0.22722193,0.00054607,P2PKH,normal
2026-03-02 14:06:52,TX_000134,wallet_090,wallet_067,0.37926839,0.00095125,P2SH,normal
2026-03-02 14:11:00,TX_000465,wallet_029,wallet_088,456.71100786,0.03864737,P2PKH,high_value_anomaly
2026-03-02 14:38:44,TX_000135,wallet_016,wallet_059,0.13088994,0.00014861,P2PKH,normal
2026-03-02 14:40:32,TX_000136,wallet_068,wallet_072,0.03010817,0.00014086,P2WPKH,normal
2026-03-02 14:41:12,TX_000137,wallet_057,wallet_079,0.08837352,0.00041176,P2WPKH,normal
2026-03-02 14:45:10,TX_000138,wallet_055,wallet_071,1.63814102,0.00379311,P2PKH,normal
2026-03-02 14:48:44,TX_000139,wallet_061,wallet_058,0.32671091,0.00049761,P2PKH,normal
2026-03-02 15:13:58,TX_000140,wallet_082,wallet_036,0.03223596,0.00017419,P2SH,normal
2026-03-02 15:34:00,TX_000460,wallet_025,wallet_091,176.51066371,0.0334019,P2SH,high_value_anomaly
2026-03-02 15:35:43,TX_000141,wallet_081,wallet_031,0.35090334,0.00055724,P2PKH,normal
2026-03-02 15:54:48,TX_000142,wallet_037,wallet_031,1.61869648,0.00236701,P2PKH,normal
2026-03-02 16:05:50,TX_000143,wallet_070,wallet_011,0.09283889,0.00012223,P2PKH,normal
2026-03-02 16:34:21,TX_000144,wallet_089,wallet_020,0.04803124,0.00022106,P2PKH,normal
2026-03-02 16:34:48,TX_000145,wallet_053,wallet_043,0.16781882,0.00051298,P2PKH,normal
2026-03-02 16:37:01,TX_000146,wallet_027,wallet_054,2.1094069,0.00428661,P2SH,normal
2026-03-02 16:50:42,TX_000147,wallet_090,wallet_003,0.04717312,0.00025275,P2SH,normal
2026-03-02 17:02:14,TX_000148,wallet_049,wallet_062,0.19668689,7.535e-05,P2PKH,normal
2026-03-02 17:12:34,TX_000149,wallet_097,wallet_050,1.42145527,0.005,P2WPKH,normal
2026-03-02 17:13:39,TX_000150,wallet_054,wallet_069,1.09189702,0.00415862,P2SH,normal
2026-03-02 17:23:12,TX_000151,wallet_078,wallet_029,0.23935935,0.00064656,P2PKH,normal
2026-03-02 18:02:11,TX_000152,wallet_063,wallet_004,3.73443417,0.005,P2SH,normal
2026-03-02 18:23:50,TX_000153,wallet_052,wallet_093,0.17500355,0.00020903,P2PKH,normal
2026-03-02 18:41:37,TX_000154,wallet_017,wallet_080,0.24004615,0.00070225,P2WPKH,normal
2026-03-02 19:38:07,TX_000155,wallet_076,wallet_073,0.02289464,0.00012667,P2PKH,normal
2026-03-02 19:49:00,TX_000451,wallet_015,wallet_004,915.70554974,0.0129997,P2PKH,high_value_anomaly
2026-03-02 19:58:53,TX_000156,wallet_055,wallet_018,1.03732877,0.00455986,P2PKH,normal
2026-03-02 20:11:18,TX_000157,wallet_034,wallet_049,0.50875853,0.00091694,P2PKH,normal
2026-03-02 20:21:13,TX_000158,wallet_044,wallet_098,0.24296616,0.00112154,P2PKH,normal
2026-03-02 20:24:00,TX_000463,wallet_010,wallet_078,798.47611702,0.02717285,P2PKH,high_value_anomaly
2026-03-02 21:26:21,TX_000159,wallet_054,wallet_033,0.12446642,0.00057165,P2PKH,normal
2026-03-02 21:34:11,TX_000160,wallet_096,wallet_070,0.28625219,0.00015168,P2WPKH,normal
2026-03-02 22:11:37,TX_000161,wallet_029,wallet_084,0.10574925,9.613e-05,P2WPKH,normal
2026-03-02 22:35:38,TX_000162,wallet_006,wallet_097,0.14564453,8.671e-05,P2PKH,normal
2026-03-02 22:55:37,TX_000163,wallet_003,wallet_080,0.34452683,0.0003417,P2PKH,normal
2026-03-02 23:28:19,TX_000164,wallet_086,wallet_015,0.44824154,0.00133352,P2PKH,normal
2026-03-02 23:35:06,TX_000165,wallet_090,wallet_033,0.43261132,0.00171893,P2PKH,normal
2026-03-02 23:49:00,TX_000456,wallet_055,wallet_044,405.65847584,0.01155037,P2SH,high_value_anomaly
2026-03-03 00:08:09,TX_000166,wallet_078,wallet_096,0.095164,0.00039449,P2SH,normal
2026-03-03 01:41:27,TX_000167,wallet_021,wallet_040,0.02611603,6.644e-05,P2PKH,normal
2026-03-03 02:11:34,TX_000168,wallet_040,wallet_074,0.05157676,0.00022634,P2WPKH,normal
2026-03-03 02:20:04,TX_000169,wallet_051,wallet_092,1.43825667,0.00159155,P2SH,normal
2026-03-03 02:26:00,TX_000452,wallet_014,wallet_087,914.73451913,0.02772296,P2WPKH,high_value_anomaly
2026-03-03 02:48:19,TX_000170,wallet_081,wallet_032,0.13167461,0.00012891,P2SH,normal
2026-03-03 02:50:39,TX_000171,wallet_088,wallet_077,0.22640628,0.00096629,P2SH,normal
2026-03-03 03:25:50,TX_000172,wallet_073,wallet_006,0.68189534,0.0012783,P2PKH,normal
2026-03-03 03:33:42,TX_000173,wallet_048,wallet_009,0.16745012,0.00048189,P2PKH,normal
2026-03-03 03:34:05,TX_000174,wallet_054,wallet_063,0.62174182,0.0004337,P2WPKH,normal
2026-03-03 04:21:24,TX_000175,wallet_082,wallet_059,0.16117758,0.00062473,P2PKH,normal
2026-03-03 05:21:30,TX_000176,wallet_094,wallet_067,0.10691581,0.00056649,P2PKH,normal
2026-03-03 06:21:49,TX_000177,wallet_069,wallet_100,2.21395646,0.005,P2PKH,normal
2026-03-03 06:33:53,TX_000178,wallet_094,wallet_076,0.80113364,0.00118371,P2WPKH,normal
2026-03-03 06:40:59,TX_000179,wallet_012,wallet_036,0.94734448,0.00423726,P2PKH,normal
2026-03-03 07:09:04,TX_000180,wallet_060,wallet_073,0.05307801,0.00021404,P2PKH,normal
2026-03-03 07:40:35,TX_000181,wallet_004,wallet_064,0.09642634,0.00046171,P2PKH,normal
2026-03-03 07:56:41,TX_000182,wallet_028,wallet_046,0.22078179,0.0009352,P2PKH,normal
2026-03-03 08:08:30,TX_000183,wallet_077,wallet_090,0.15398332,0.00072946,P2SH,normal
2026-03-03 08:11:09,TX_000184,wallet_067,wallet_025,0.58542082,0.00035413,P2SH,normal
2026-03-03 08:14:24,TX_000185,wallet_063,wallet_072,0.46608354,0.00182811,P2SH,normal
2026-03-03 08:16:41,TX_000186,wallet_083,wallet_092,1.13821011,0.00290124,P2SH,normal
2026-03-03 08:18:36,TX_000187,wallet_012,wallet_038,0.13266023,0.00020731,P2SH,normal
2026-03-03 08:53:16,TX_000188,wallet_040,wallet_085,0.28495821,0.00089052,P2PKH,normal
2026-03-03 09:17:55,TX_000189,wallet_068,wallet_045,0.89156691,0.00199805,P2SH,normal
2026-03-03 10:16:55,TX_000190,wallet_043,wallet_046,0.12582565,0.00049592,P2PKH,normal
2026-03-03 11:42:27,TX_000191,wallet_033,wallet_030,0.10055274,0.0001195,P2PKH,normal
2026-03-03 11:44:21,TX_000192,wallet_016,wallet_096,1.14126083,0.00316077,P2SH,normal
2026-03-03 11:59:00,TX_000467,wallet_092,wallet_041,333.88919846,0.02546233,P2WPKH,high_value_anomaly
2026-03-03 12:14:32,TX_000193,wallet_024,wallet_025,0.01936107,7.246e-05,P2PKH,normal
2026-03-03 13:02:03,TX_000194,wallet_093,wallet_076,1.46820231,0.005,P2SH,normal
2026-03-03 13:04:34,TX_000195,wallet_037,wallet_013,0.15523905,0.00069888,P2PKH,normal
2026-03-03 13:17:22,TX_000196,wallet_047,wallet_023,0.22191177,0.00040087,P2SH,normal
2026-03-03 13:18:41,TX_000197,wallet_017,wallet_036,1.02569032,0.00038133,P2PKH,normal
2026-03-03 13:36:21,TX_000198,wallet_038,wallet_090,0.56272497,0.00270946,P2SH,normal
2026-03-03 14:42:00,TX_000199,wallet_097,wallet_063,0.03937076,7.373e-05,P2PKH,normal
2026-03-03 15:22:45,TX_000200,wallet_037,wallet_061,0.08102769,0.00024817,P2PKH,normal
2026-03-03 15:27:58,TX_000201,wallet_007,wallet_033,0.24258168,0.00119285,P2PKH,normal
2026-03-03 17:07:16,TX_000202,wallet_009,wallet_052,0.72629803,0.00187269,P2SH,normal
2026-03-03 17:08:57,TX_000203,wallet_088,wallet_007,0.39390436,0.00038224,P2WPKH,normal
2026-03-03 17:23:55,TX_000204,wallet_039,wallet_011,0.23816792,0.00123374,P2PKH,normal
2026-03-03 17:43:56,TX_000205,wallet_098,wallet_054,0.1328771,0.00045806,P2SH,normal
2026-03-03 18:03:51,TX_000206,wallet_029,wallet_100,2.0791526,0.005,P2PKH,normal
2026-03-03 18:21:34,TX_000207,wallet_057,wallet_039,0.19531955,0.00089277,P2WPKH,normal
2026-03-03 18:41:05,TX_000208,wallet_040,wallet_073,0.72005402,0.00231315,P2SH,normal
2026-03-03 18:47:44,TX_000209,wallet_095,wallet_013,0.1846545,0.00092585,P2PKH,normal
2026-03-03 18:56:37,TX_000210,wallet_028,wallet_034,0.04388997,0.00019642,P2PKH,normal
2026-03-03 19:14:18,TX_000211,wallet_023,wallet_071,0.02247733,6.052e-05,P2PKH,normal
2026-03-03 19:48:05,TX_000212,wallet_058,wallet_089,0.34471812,0.00108749,P2PKH,normal
2026-03-03 20:11:20,TX_000213,wallet_030,wallet_037,0.54354413,0.00198724,P2SH,normal
2026-03-03 20:22:20,TX_000214,wallet_059,wallet_010,1.31257434,0.00460225,P2WPKH,normal
2026-03-03 21:16:28,TX_000215,wallet_081,wallet_076,0.20426577,0.00073221,P2WPKH,normal
2026-03-03 21:49:54,TX_000216,wallet_055,wallet_015,0.15902952,0.00049025,P2SH,normal
2026-03-03 23:17:21,TX_000217,wallet_035,wallet_019,0.31808807,0.00019311,P2PKH,normal
2026-03-03 23:27:06,TX_000218,wallet_040,wallet_077,0.05979609,0.00027542,P2SH,normal
2026-03-04 00:37:20,TX_000219,wallet_037,wallet_057,0.31060359,0.00027032,P2SH,normal
2026-03-04 00:50:08,TX_000220,wallet_090,wallet_052,0.31175665,0.00152122,P2SH,normal
2026-03-04 01:01:01,TX_000221,wallet_064,wallet_057,0.19586015,0.00014679,P2PKH,normal
2026-03-04 01:41:11,TX_000222,wallet_056,wallet_095,0.20875751,0.00040058,P2PKH,normal
2026-03-04 02:14:52,TX_000223,wallet_012,wallet_030,1.37641183,0.005,P2WPKH,normal
2026-03-04 03:12:57,TX_000224,wallet_074,wallet_076,0.32463629,0.0015949,P2WPKH,normal
2026-03-04 03:51:00,TX_000225,wallet_087,wallet_035,0.15325862,0.00049807,P2SH,normal
2026-03-04 03:53:55,TX_000226,wallet_023,wallet_061,0.03274686,0.00013655,P2PKH,normal
2026-03-04 04:55:41,TX_000227,wallet_036,wallet_024,0.04318301,0.00026527,P2PKH,normal
2026-03-04 05:18:07,TX_000228,wallet_063,wallet_012,0.42425957,0.00106952,P2PKH,normal
2026-03-04 05:37:32,TX_000229,wallet_042,wallet_086,0.08262263,0.00010061,P2PKH,normal
2026-03-04 05:59:58,TX_000230,wallet_053,wallet_089,0.1549524,0.00044169,P2SH,normal
2026-03-04 06:14:49,TX_000231,wallet_052,wallet_098,0.25610539,0.00076594,P2PKH,normal
2026-03-04 06:53:13,TX_000232,wallet_041,wallet_033,1.43550317,0.00246745,P2WPKH,normal
2026-03-04 07:09:26,TX_000233,wallet_052,wallet_066,0.76482809,0.00321803,P2PKH,normal
2026-03-04 07:19:55,TX_000234,wallet_070,wallet_060,0.27234266,0.0006287,P2PKH,normal
2026-03-04 07:22:57,TX_000235,wallet_047,wallet_080,1.33222997,0.005,P2SH,normal
2026-03-04 07:27:54,TX_000236,wallet_098,wallet_007,0.63979351,0.00075213,P2SH,normal
2026-03-04 07:30:59,TX_000237,wallet_037,wallet_057,0.02795812,0.00017347,P2PKH,normal
2026-03-04 07:42:39,TX_000238,wallet_004,wallet_081,1.26264225,0.00394332,P2PKH,normal
2026-03-04 08:29:43,TX_000239,wallet_021,wallet_040,0.28369978,0.00084411,P2SH,normal
2026-03-04 09:00:30,TX_000240,wallet_012,wallet_029,0.01648938,0.00013182,P2WPKH,normal
2026-03-04 09:10:46,TX_000241,wallet_060,wallet_016,0.72459446,0.00242216,P2PKH,normal
2026-03-04 10:10:39,TX_000242,wallet_092,wallet_038,0.33182109,0.00091057,P2PKH,normal
2026-03-04 10:13:59,TX_000243,wallet_062,wallet_061,0.21922385,0.00033374,P2SH,normal
2026-03-04 10:20:07,TX_000244,wallet_050,wallet_025,0.58023999,0.00272906,P2SH,normal
2026-03-04 10:32:34,TX_000245,wallet_018,wallet_009,0.22147646,0.00037194,P2SH,normal
2026-03-04 10:40:42,TX_000246,wallet_054,wallet_044,0.36194725,0.00174312,P2SH,normal
2026-03-04 11:00:56,TX_000247,wallet_001,wallet_037,0.19253187,0.00075421,P2WPKH,normal
2026-03-04 11:03:51,TX_000248,wallet_075,wallet_085,0.20385132,0.00055947,P2PKH,normal
2026-03-04 11:06:45,TX_000249,wallet_069,wallet_062,0.05951646,0.0001566,P2SH,normal
2026-03-04 11:15:23,TX_000250,wallet_070,wallet_049,0.40059991,0.00098387,P2PKH,normal
2026-03-04 12:00:58,TX_000251,wallet_025,wallet_090,2.62770576,0.00338757,P2PKH,normal
2026-03-04 12:04:54,TX_000252,wallet_100,wallet_053,0.15209773,9.774e-05,P2SH,normal
2026-03-04 12:09:20,TX_000253,wallet_091,wallet_049,0.08386064,0.00021703,P2SH,normal
2026-03-04 12:11:21,TX_000254,wallet_084,wallet_020,0.11408282,0.0003383,P2PKH,normal
2026-03-04 12:14:05,TX_000255,wallet_065,wallet_076,0.03991885,0.00011893,P2PKH,normal
2026-03-04 12:23:18,TX_000256,wallet_057,wallet_013,0.17731289,0.0005247,P2PKH,normal
2026-03-04 12:37:28,TX_000257,wallet_093,wallet_019,0.19743627,0.00046637,P2SH,normal
2026-03-04 13:09:45,TX_000258,wallet_020,wallet_010,0.2347019,0.0006134,P2WPKH,normal
2026-03-04 13:29:41,TX_000259,wallet_044,wallet_080,0.61978981,0.0022157,P2SH,normal
2026-03-04 13:57:26,TX_000260,wallet_043,wallet_087,0.10598725,0.00050689,P2PKH,normal
2026-03-04 14:01:40,TX_000261,wallet_041,wallet_081,0.11570218,0.00046904,P2SH,normal
2026-03-04 14:15:05,TX_000262,wallet_070,wallet_005,0.05111564,0.00020976,P2PKH,normal
2026-03-04 14:34:30,TX_000263,wallet_088,wallet_037,0.10520662,0.00057471,P2SH,normal
2026-03-04 15:02:11,TX_000264,wallet_056,wallet_013,0.01607394,0.0001115,P2SH,normal
2026-03-04 15:03:05,TX_000265,wallet_013,wallet_057,0.61982538,0.00061726,P2PKH,normal
2026-03-04 15:48:21,TX_000266,wallet_004,wallet_006,0.06818552,0.0001652,P2PKH,normal
2026-03-04 16:02:51,TX_000267,wallet_046,wallet_048,0.06947959,0.00020358,P2PKH,normal
2026-03-04 16:14:52,TX_000268,wallet_053,wallet_073,0.24546005,0.00089458,P2PKH,normal
2026-03-04 16:30:14,TX_000269,wallet_023,wallet_011,0.08436463,0.00031039,P2PKH,normal
2026-03-04 16:39:52,TX_000270,wallet_088,wallet_031,0.07536214,0.00024131,P2SH,normal
2026-03-04 16:40:26,TX_000271,wallet_030,wallet_060,0.06244212,0.00025142,P2PKH,normal
2026-03-04 16:48:32,TX_000272,wallet_086,wallet_002,0.10174882,0.00050834,P2PKH,normal
2026-03-04 16:51:15,TX_000273,wallet_037,wallet_087,0.28992508,0.00085551,P2PKH,normal
2026-03-04 17:14:08,TX_000274,wallet_045,wallet_076,0.66542919,0.00109197,P2WPKH,normal
2026-03-04 17:45:26,TX_000275,wallet_089,wallet_033,0.07817785,0.00023282,P2PKH,normal
2026-03-04 18:01:00,TX_000276,wallet_050,wallet_062,0.2222494,0.00018837,P2PKH,normal
2026-03-04 18:18:50,TX_000277,wallet_046,wallet_074,0.1315188,0.00025382,P2SH,normal
2026-03-04 18:21:43,TX_000278,wallet_003,wallet_085,1.48950793,0.00308777,P2PKH,normal
2026-03-04 18:28:33,TX_000279,wallet_088,wallet_100,1.19110128,0.00451529,P2PKH,normal
2026-03-04 18:45:37,TX_000280,wallet_078,wallet_096,0.04634791,0.00016744,P2WPKH,normal
2026-03-04 18:54:35,TX_000281,wallet_037,wallet_100,0.23066914,0.000976,P2SH,normal
2026-03-04 19:00:09,TX_000282,wallet_046,wallet_029,0.25997718,0.00088698,P2SH,normal
2026-03-04 19:02:27,TX_000283,wallet_087,wallet_097,0.12876942,0.00051776,P2SH,normal
2026-03-04 19:06:07,TX_000284,wallet_018,wallet_081,0.10527371,0.00011065,P2SH,normal
2026-03-04 19:10:24,TX_000285,wallet_006,wallet_040,0.08255418,0.00037726,P2PKH,normal
2026-03-04 19:55:58,TX_000286,wallet_047,wallet_094,0.1159956,0.00013629,P2WPKH,normal
2026-03-04 19:57:48,TX_000287,wallet_042,wallet_096,0.01107227,7.365e-05,P2PKH,normal
2026-03-04 21:18:44,TX_000288,wallet_070,wallet_047,0.50741333,0.00142061,P2WPKH,normal
2026-03-04 21:21:16,TX_000289,wallet_022,wallet_033,0.35640196,0.00168191,P2WPKH,normal
2026-03-04 22:01:33,TX_000290,wallet_038,wallet_096,0.20151517,0.0009296,P2WPKH,normal
2026-03-04 22:35:41,TX_000291,wallet_060,wallet_010,0.09359277,0.00012391,P2WPKH,normal
2026-03-04 22:57:56,TX_000292,wallet_087,wallet_093,0.11776121,0.00045093,P2PKH,normal
2026-03-04 23:51:06,TX_000293,wallet_072,wallet_047,2.59084632,0.00145549,P2PKH,normal
2026-03-04 23:57:50,TX_000294,wallet_034,wallet_069,1.55820511,0.00114945,P2PKH,normal
2026-03-05 00:27:20,TX_000295,wallet_096,wallet_087,0.11332807,0.00020691,P2PKH,normal
2026-03-05 00:38:34,TX_000296,wallet_082,wallet_048,0.06704065,9.23e-05,P2PKH,normal
2026-03-05 00:52:54,TX_000297,wallet_004,wallet_080,0.12869074,0.00062045,P2SH,normal
2026-03-05 01:11:55,TX_000298,wallet_079,wallet_029,0.154423,0.0005555,P2SH,normal
2026-03-05 01:18:53,TX_000299,wallet_060,wallet_090,0.05687098,0.0001399,P2PKH,normal
2026-03-05 01:32:10,TX_000300,wallet_018,wallet_006,0.30767575,0.00150736,P2PKH,normal
2026-03-05 01:47:32,TX_000301,wallet_064,wallet_015,0.18669823,0.00015758,P2WPKH,normal
2026-03-05 01:50:35,TX_000302,wallet_018,wallet_050,0.13683873,0.00036786,P2SH,normal
2026-03-05 01:52:03,TX_000303,wallet_096,wallet_090,0.10835283,0.00056308,P2PKH,normal
2026-03-05 02:15:05,TX_000304,wallet_096,wallet_094,0.55560443,0.00052624,P2PKH,normal
2026-03-05 02:43:48,TX_000305,wallet_013,wallet_063,0.09366723,0.00034193,P2WPKH,normal
2026-03-05 02:54:34,TX_000306,wallet_036,wallet_005,4.1396767,0.005,P2PKH,normal
2026-03-05 03:03:18,TX_000307,wallet_057,wallet_031,0.27353523,0.00122393,P2PKH,normal
2026-03-05 03:07:27,TX_000308,wallet_088,wallet_048,0.24839693,0.00073753,P2WPKH,normal
2026-03-05 03:08:59,TX_000309,wallet_046,wallet_008,0.40077821,0.00087195,P2PKH,normal
2026-03-05 03:46:01,TX_000310,wallet_016,wallet_059,1.48610843,0.00086617,P2PKH,normal
2026-03-05 03:49:11,TX_000311,wallet_082,wallet_077,0.10932619,0.00058115,P2PKH,normal
2026-03-05 03:52:55,TX_000312,wallet_043,wallet_032,0.45203043,0.00228539,P2SH,normal
2026-03-05 03:56:40,TX_000313,wallet_027,wallet_009,0.42834762,0.00183454,P2SH,normal
2026-03-05 04:11:38,TX_000314,wallet_076,wallet_028,0.77252193,0.00320495,P2PKH,normal
2026-03-05 04:20:41,TX_000315,wallet_100,wallet_019,0.16133957,0.00068961,P2SH,normal
2026-03-05 04:54:46,TX_000316,wallet_036,wallet_019,0.69568405,0.0034859,P2SH,normal
2026-03-05 05:06:29,TX_000317,wallet_023,wallet_015,0.09909308,0.00038089,P2PKH,normal
2026-03-05 05:13:49,TX_000318,wallet_002,wallet_046,0.01535374,0.00011097,P2PKH,normal
2026-03-05 05:41:31,TX_000319,wallet_042,wallet_003,0.0334969,8.195e-05,P2PKH,normal
2026-03-05 06:27:39,TX_000320,wallet_095,wallet_054,0.22747023,0.00065912,P2SH,normal
2026-03-05 06:37:30,TX_000321,wallet_061,wallet_058,0.65109025,0.00259725,P2SH,normal
2026-03-05 06:57:14,TX_000322,wallet_014,wallet_058,0.25025986,0.00069287,P2WPKH,normal
2026-03-05 06:59:53,TX_000323,wallet_006,wallet_094,0.27205072,0.00112128,P2WPKH,normal
2026-03-05 07:08:12,TX_000324,wallet_067,wallet_039,0.44163303,0.00108537,P2WPKH,normal
2026-03-05 07:11:21,TX_000325,wallet_008,wallet_062,0.41117093,0.0017982,P2PKH,normal
2026-03-05 07:26:45,TX_000326,wallet_014,wallet_063,0.9967976,0.00362927,P2PKH,normal
2026-03-05 08:11:46,TX_000327,wallet_011,wallet_042,0.12432278,0.000433,P2PKH,normal
2026-03-05 08:19:24,TX_000328,wallet_036,wallet_080,0.36225194,0.00120996,P2SH,normal
2026-03-05 08:25:16,TX_000329,wallet_042,wallet_049,1.36577984,0.005,P2SH,normal
2026-03-05 09:07:18,TX_000330,wallet_059,wallet_065,0.36147636,0.0011585,P2PKH,normal
2026-03-05 09:15:50,TX_000331,wallet_090,wallet_015,1.04536902,0.0045228,P2SH,normal
2026-03-05 09:19:14,TX_000332,wallet_099,wallet_071,0.13086813,0.00052533,P2PKH,normal
2026-03-05 09:24:36,TX_000333,wallet_058,wallet_030,0.70936887,0.00155931,P2WPKH,normal
2026-03-05 09:45:15,TX_000334,wallet_052,wallet_054,0.71768031,0.00268755,P2PKH,normal
2026-03-05 10:09:05,TX_000335,wallet_041,wallet_086,0.03147185,9.245e-05,P2WPKH,normal
2026-03-05 10:17:44,TX_000336,wallet_088,wallet_061,0.31259626,0.00018409,P2WPKH,normal
2026-03-05 10:21:54,TX_000337,wallet_012,wallet_056,0.27381928,0.00020694,P2SH,normal
2026-03-05 10:32:18,TX_000338,wallet_017,wallet_072,0.60815742,0.00028956,P2WPKH,normal
2026-03-05 10:44:51,TX_000339,wallet_072,wallet_043,0.27710383,0.00098746,P2PKH,normal
2026-03-05 11:03:55,TX_000340,wallet_086,wallet_097,5.32432477,0.005,P2WPKH,normal
2026-03-05 11:04:26,TX_000341,wallet_007,wallet_037,1.89382074,0.005,P2PKH,normal
2026-03-05 11:55:44,TX_000342,wallet_074,wallet_065,0.4530873,0.00056762,P2SH,normal
2026-03-05 12:20:28,TX_000343,wallet_029,wallet_014,0.30128239,0.000597,P2SH,normal
2026-03-05 12:39:17,TX_000344,wallet_015,wallet_098,0.05682918,0.00013325,P2PKH,normal
2026-03-05 12:50:29,TX_000345,wallet_055,wallet_072,0.27822087,0.0014064,P2WPKH,normal
2026-03-05 13:42:36,TX_000346,wallet_079,wallet_087,0.25160737,0.00086753,P2PKH,normal
2026-03-05 13:54:45,TX_000347,wallet_085,wallet_089,4.69467704,0.005,P2PKH,normal
2026-03-05 14:05:05,TX_000348,wallet_090,wallet_098,0.41842534,0.00072535,P2PKH,normal
2026-03-05 14:06:22,TX_000349,wallet_001,wallet_024,0.80669934,0.00356909,P2SH,normal
2026-03-05 14:06:37,TX_000350,wallet_052,wallet_009,0.11087402,0.00013817,P2SH,normal
2026-03-05 14:14:53,TX_000351,wallet_004,wallet_012,0.62045375,0.00238039,P2PKH,normal
2026-03-05 15:05:31,TX_000352,wallet_054,wallet_059,0.01377521,7.439e-05,P2PKH,normal
2026-03-05 15:14:11,TX_000353,wallet_093,wallet_042,1.02444464,0.00405199,P2SH,normal
2026-03-05 15:26:23,TX_000354,wallet_011,wallet_007,0.08356178,0.00012206,P2SH,normal
2026-03-05 15:31:38,TX_000355,wallet_007,wallet_087,0.05781524,7.889e-05,P2PKH,normal
2026-03-05 15:35:40,TX_000356,wallet_055,wallet_063,0.18658955,0.0006237,P2PKH,normal
2026-03-05 15:49:37,TX_000357,wallet_028,wallet_097,0.5858608,0.00157939,P2PKH,normal
2026-03-05 15:58:47,TX_000358,wallet_015,wallet_037,0.18476756,0.00068251,P2SH,normal
2026-03-05 16:16:19,TX_000359,wallet_068,wallet_086,0.06583323,0.00015607,P2PKH,normal
2026-03-05 17:21:24,TX_000360,wallet_077,wallet_008,0.41478423,0.0001071,P2PKH,normal
2026-03-05 17:24:47,TX_000361,wallet_028,wallet_099,0.08552619,0.00011606,P2PKH,normal
2026-03-05 19:20:18,TX_000362,wallet_042,wallet_016,0.18315128,7.525e-05,P2SH,normal
2026-03-05 19:34:25,TX_000363,wallet_023,wallet_017,0.09895605,0.00024425,P2SH,normal
2026-03-05 20:02:18,TX_000364,wallet_065,wallet_072,0.2669067,0.00116659,P2WPKH,normal
2026-03-05 20:07:10,TX_000365,wallet_010,wallet_051,0.19440478,0.00089034,P2PKH,normal
2026-03-05 20:11:33,TX_000366,wallet_003,wallet_059,0.26875474,0.00128995,P2WPKH,normal
2026-03-05 20:12:27,TX_000367,wallet_074,wallet_055,4.87398661,0.005,P2SH,normal
2026-03-05 20:13:58,TX_000368,wallet_054,wallet_038,0.05909994,8.926e-05,P2PKH,normal
2026-03-05 20:44:00,TX_000369,wallet_042,wallet_022,1.18092582,0.00480497,P2SH,normal
2026-03-05 20:55:47,TX_000370,wallet_089,wallet_047,0.00917547,5.488e-05,P2WPKH,normal
2026-03-05 21:06:11,TX_000371,wallet_032,wallet_056,0.0543107,0.00021214,P2SH,normal
2026-03-05 21:10:21,TX_000372,wallet_051,wallet_040,0.28491687,0.0011197,P2PKH,normal
2026-03-05 21:50:05,TX_000373,wallet_100,wallet_022,0.18640127,0.0001384,P2SH,normal
2026-03-05 21:56:33,TX_000374,wallet_068,wallet_066,0.42034382,0.00049141,P2SH,normal
2026-03-05 22:17:22,TX_000375,wallet_045,wallet_094,0.14452986,0.00074306,P2SH,normal
2026-03-05 22:20:55,TX_000376,wallet_019,wallet_031,0.20525385,0.00017392,P2PKH,normal
2026-03-05 22:46:15,TX_000377,wallet_023,wallet_078,0.20047506,0.00022022,P2SH,normal
2026-03-05 22:51:26,TX_000378,wallet_010,wallet_023,0.23130464,0.00115132,P2SH,normal
2026-03-05 22:56:51,TX_000379,wallet_060,wallet_097,0.2512002,0.00076901,P2SH,normal
2026-03-05 23:00:57,TX_000380,wallet_088,wallet_073,0.19082201,0.0006703,P2WPKH,normal
2026-03-05 23:22:16,TX_000381,wallet_042,wallet_081,0.14648711,0.00029157,P2PKH,normal
2026-03-05 23:28:00,TX_000382,wallet_061,wallet_057,0.16947341,0.00059126,P2SH,normal
2026-03-05 23:53:47,TX_000383,wallet_076,wallet_008,0.29569771,0.00058951,P2PKH,normal
2026-03-06 00:04:04,TX_000384,wallet_060,wallet_058,0.30219179,0.00013591,P2PKH,normal
2026-03-06 00:26:17,TX_000385,wallet_037,wallet_010,0.10140022,0.00038045,P2WPKH,normal
2026-03-06 01:11:46,TX_000386,wallet_012,wallet_079,0.0724523,0.00026815,P2PKH,normal
2026-03-06 01:12:11,TX_000387,wallet_075,wallet_071,0.03008481,0.00019368,P2SH,normal
2026-03-06 01:56:59,TX_000388,wallet_006,wallet_058,1.85451707,0.005,P2SH,normal
2026-03-06 02:31:09,TX_000389,wallet_025,wallet_042,0.05029742,0.00020414,P2SH,normal
2026-03-06 02:40:52,TX_000390,wallet_008,wallet_058,0.08377954,0.00010087,P2WPKH,normal
2026-03-06 02:58:52,TX_000391,wallet_044,wallet_092,0.5530106,0.00033381,P2SH,normal
2026-03-06 03:09:33,TX_000392,wallet_006,wallet_032,0.04094076,0.00019605,P2WPKH,normal
2026-03-06 03:25:46,TX_000393,wallet_068,wallet_067,0.0272102,0.00013403,P2PKH,normal
2026-03-06 04:25:14,TX_000394,wallet_037,wallet_050,0.11602998,0.00029401,P2PKH,normal
2026-03-06 04:54:14,TX_000395,wallet_077,wallet_007,0.71618786,0.00289127,P2SH,normal
2026-03-06 05:26:34,TX_000396,wallet_009,wallet_043,0.21499298,0.00017106,P2SH,normal
2026-03-06 05:37:48,TX_000397,wallet_037,wallet_033,2.96325239,0.005,P2SH,normal
2026-03-06 05:43:55,TX_000398,wallet_078,wallet_020,0.49992797,0.00091661,P2SH,normal
2026-03-06 05:47:05,TX_000399,wallet_019,wallet_045,0.04754223,0.00012702,P2SH,normal
2026-03-06 05:53:36,TX_000400,wallet_085,wallet_051,0.25182545,0.0002343,P2SH,normal
2026-03-06 05:54:08,TX_000401,wallet_011,wallet_040,0.03157115,0.00013962,P2SH,normal
2026-03-06 06:10:27,TX_000402,wallet_043,wallet_017,0.43267708,0.00151399,P2WPKH,normal
2026-03-06 06:31:41,TX_000403,wallet_095,wallet_088,0.12707507,0.00063086,P2PKH,normal
2026-03-06 06:32:04,TX_000404,wallet_086,wallet_055,0.4199267,0.00113828,P2PKH,normal
2026-03-06 06:35:10,TX_000405,wallet_040,wallet_024,1.55992873,0.005,P2PKH,normal
2026-03-06 06:57:12,TX_000406,wallet_099,wallet_063,1.46901714,0.00157899,P2WPKH,normal
2026-03-06 07:01:13,TX_000407,wallet_020,wallet_010,0.18457087,0.00033597,P2SH,normal
2026-03-06 07:11:02,TX_000408,wallet_065,wallet_099,0.58737718,0.00166228,P2SH,normal
2026-03-06 07:25:50,TX_000409,wallet_068,wallet_005,0.14695693,0.00054134,P2WPKH,normal
2026-03-06 07:44:29,TX_000410,wallet_080,wallet_017,0.28316374,0.000907,P2PKH,normal
2026-03-06 07:50:16,TX_000411,wallet_024,wallet_089,0.03583543,0.00018898,P2WPKH,normal
2026-03-06 07:59:13,TX_000412,wallet_022,wallet_093,0.08559513,0.00024213,P2PKH,normal
2026-03-06 08:24:46,TX_000413,wallet_087,wallet_093,0.44430694,0.00061156,P2PKH,normal
2026-03-06 08:37:51,TX_000414,wallet_037,wallet_097,0.0272068,0.00015251,P2PKH,normal
2026-03-06 08:59:48,TX_000415,wallet_069,wallet_031,0.25016989,0.00045437,P2WPKH,normal
2026-03-06 09:04:48,TX_000416,wallet_061,wallet_025,0.27660747,0.00057622,P2WPKH,normal
2026-03-06 09:05:36,TX_000417,wallet_057,wallet_060,0.4625874,0.00184033,P2SH,normal
2026-03-06 09:06:49,TX_000418,wallet_065,wallet_068,0.03604396,0.00012755,P2PKH,normal
2026-03-06 09:20:42,TX_000419,wallet_026,wallet_078,0.02937919,7.286e-05,P2PKH,normal
2026-03-06 09:50:20,TX_000420,wallet_083,wallet_062,0.72945809,0.00324734,P2SH,normal
2026-03-06 09:52:45,TX_000421,wallet_014,wallet_092,0.27687601,0.0012253,P2WPKH,normal
2026-03-06 10:06:36,TX_000422,wallet_037,wallet_011,0.14929624,0.00062319,P2PKH,normal
2026-03-06 10:30:05,TX_000423,wallet_066,wallet_019,0.03440536,0.00019354,P2PKH,normal
2026-03-06 11:04:26,TX_000424,wallet_029,wallet_058,0.13800607,0.00066201,P2WPKH,normal
2026-03-06 11:36:43,TX_000425,wallet_054,wallet_007,0.06048638,0.00017355,P2PKH,normal
2026-03-06 11:54:43,TX_000426,wallet_050,wallet_011,0.68070858,0.00136858,P2PKH,normal
2026-03-06 12:03:50,TX_000427,wallet_013,wallet_092,0.04581162,0.00020048,P2SH,normal
2026-03-06 12:19:36,TX_000428,wallet_018,wallet_005,0.17007866,0.00030609,P2WPKH,normal
2026-03-06 13:01:01,TX_000429,wallet_090,wallet_018,0.59454327,0.00232016,P2PKH,normal
2026-03-06 13:22:41,TX_000430,wallet_079,wallet_001,0.46878753,0.00217769,P2PKH,normal
2026-03-06 13:46:25,TX_000431,wallet_028,wallet_020,0.12944578,0.00041104,P2SH,normal
2026-03-06 14:00:01,TX_000432,wallet_068,wallet_055,0.47688971,0.00035751,P2PKH,normal
2026-03-06 14:05:11,TX_000433,wallet_039,wallet_016,0.59581902,0.00024899,P2PKH,normal
2026-03-06 14:06:02,TX_000434,wallet_080,wallet_059,0.26200733,0.00015683,P2WPKH,normal
2026-03-06 14:30:06,TX_000435,wallet_064,wallet_077,0.38135205,0.00108982,P2SH,normal
2026-03-06 15:41:06,TX_000436,wallet_074,wallet_031,0.17274706,0.00067549,P2PKH,normal
2026-03-06 16:39:00,TX_000437,wallet_001,wallet_079,0.86492137,0.00163177,P2SH,normal
2026-03-06 17:16:23,TX_000438,wallet_024,wallet_086,0.20260461,0.00073364,P2SH,normal
2026-03-06 17:24:14,TX_000439,wallet_047,wallet_009,0.04132896,0.00024721,P2SH,normal
2026-03-06 17:26:58,TX_000440,wallet_065,wallet_071,0.40707412,0.00013127,P2WPKH,normal
2026-03-06 17:28:44,TX_000441,wallet_006,wallet_082,0.06386512,0.00017746,P2PKH,normal
2026-03-06 17:54:42,TX_000442,wallet_096,wallet_003,1.03408005,0.0019628,P2PKH,normal
2026-03-06 17:56:13,TX_000443,wallet_031,wallet_094,0.36607556,0.0012653,P2PKH,normal
2026-03-06 18:27:39,TX_000444,wallet_075,wallet_095,0.02202402,0.00013386,P2PKH,normal
2026-03-06 18:35:29,TX_000445,wallet_046,wallet_070,0.63211624,0.00116182,P2SH,normal
2026-03-06 18:54:47,TX_000446,wallet_100,wallet_088,0.31337292,0.00079478,P2SH,normal
2026-03-06 19:00:15,TX_000447,wallet_081,wallet_024,0.52522923,0.00219101,P2PKH,normal
2026-03-06 19:32:29,TX_000448,wallet_100,wallet_059,0.23608123,0.00011639,P2PKH,normal
2026-03-06 21:36:17,TX_000449,wallet_026,wallet_006,0.96831788,0.00164426,P2PKH,normal
2026-03-06 21:46:43,TX_000450,wallet_051,wallet_070,0.09826198,0.00028776,P2PKH,normal
