wallet_id,entity_id
wallet_001,entity_001
wallet_002,entity_001
wallet_003,entity_002
wallet_004,entity_002
wallet_005,entity_003
wallet_006,entity_003
wallet_007,entity_004
wallet_008,entity_004
wallet_009,entity_005
wallet_010,entity_005
wallet_011,entity_006
wallet_012,entity_006
wallet_013,entity_007
wallet_014,entity_007
wallet_015,entity_008
wallet_016,entity_008
wallet_017,entity_009
wallet_018,entity_009
wallet_019,entity_010
wallet_020,entity_010
wallet_021,entity_011
wallet_022,entity_011
wallet_023,entity_012
wallet_024,entity_012
wallet_025,entity_013
wallet_026,entity_013
wallet_027,entity_014
wallet_028,entity_014
wallet_029,entity_015
wallet_030,entity_015
wallet_031,entity_016
wallet_032,entity_016
wallet_033,entity_017
wallet_034,entity_017
wallet_035,entity_018
wallet_036,entity_018
wallet_037,entity_019
wallet_038,entity_019
wallet_039,entity_020
wallet_040,entity_020
wallet_041,entity_004
wallet_042,entity_001
wallet_043,entity_009
wallet_044,entity_008
wallet_045,entity_008
wallet_046,entity_005
wallet_047,entity_004
wallet_048,entity_018
wallet_049,entity_003
wallet_050,entity_019
wallet_051,entity_014
wallet_052,entity_002
wallet_053,entity_001
wallet_054,entity_003
wallet_055,entity_007
wallet_056,entity_008
wallet_057,entity_017
wallet_058,entity_020
wallet_059,entity_001
wallet_060,entity_018
wallet_061,entity_007
wallet_062,entity_018
wallet_063,entity_014
wallet_064,entity_008
wallet_065,entity_015
wallet_066,entity_019
wallet_067,entity_009
wallet_068,entity_001
wallet_069,entity_006
wallet_070,entity_014
wallet_071,entity_011
wallet_072,entity_009
wallet_073,entity_005
wallet_074,entity_007
wallet_075,entity_011
wallet_076,entity_004
wallet_077,entity_003
wallet_078,entity_013
wallet_079,entity_004
wallet_080,entity_012
wallet_081,entity_012
wallet_082,entity_020
wallet_083,entity_009
wallet_084,entity_002
wallet_085,entity_015
wallet_086,entity_018
wallet_087,entity_004
wallet_088,entity_013
wallet_089,entity_003
wallet_090,entity_018
wallet_091,entity_010
wallet_092,entity_020
wallet_093,entity_012
wallet_094,entity_019
wallet_095,entity_007
wallet_096,entity_003
wallet_097,entity_002
wallet_098,entity_008
wallet_099,entity_010
wallet_100,entity_003
